日期,商品名稱,身份別,多方交易口數,多方交易契約金額(千元),空方交易口數,空方交易契約金額(千元),多空交易口數淨額,多空交易契約金額淨額(千元),多方未平倉口數,多方未平倉契約金額(千元),空方未平倉口數,空方未平倉契約金額(千元),多空未平倉口數淨額,多空未平倉契約金額淨額(千元)
20261006,臺股期貨,自營商,3339,33386313,3096,30976333,243,2409980,3067,30757579,4951,49627020,-1884,-18869441
20261006,臺股期貨,投信,1099,11014536,35,350524,1064,10664012,78956,790854878,2748,27525067,76208,763329811
20261006,臺股期貨,外資及陸資,28633,286345523,31112,311131230,-2479,-24785707,12968,129921490,92485,926487705,-79517,-796566215
20261006,電子期貨,自營商,16,205052,8,102547,8,102505,14,179489,228,2921455,-214,-2741966
20261006,電子期貨,投信,2,25636,0,0,2,25636,166,2127024,0,0,166,2127024
20261006,電子期貨,外資及陸資,45,576344,62,793957,-17,-217613,115,1473541,154,1973264,-39,-499723
20261006,金融期貨,自營商,7,24884,10,35626,-3,-10742,32,114554,112,400938,-80,-286384
20261006,金融期貨,投信,0,0,0,0,0,0,34,121713,0,0,34,121713
20261006,金融期貨,外資及陸資,67,238774,47,167494,20,71280,76,272065,299,1070360,-223,-798295
20261006,小型臺指期貨,自營商,6049,15129704,6121,15321557,-72,-191852,2182,5469217,8628,21637657,-6446,-16168440
20261006,小型臺指期貨,投信,1,2504,0,0,1,2504,87,217857,96,240394,-9,-22537
20261006,小型臺指期貨,外資及陸資,53137,132863525,57325,143322807,-4188,-10459282,6508,16298773,2094,5244089,4414,11054684
20261006,微型臺指期貨,自營商,8118,4067493,13833,6924640,-5715,-2857148,17924,8980532,10119,5093463,7805,3887069
20261006,微型臺指期貨,投信,0,0,0,0,0,0,0,0,0,0,0,0
20261006,微型臺指期貨,外資及陸資,79240,39640639,87190,43612025,-7950,-3971386,3557,1781933,6701,3355995,-3144,-1574062
20261006,小型電子期貨,自營商,20,32021,46,73742,-26,-41721,95,152355,266,426046,-171,-273691
20261006,小型電子期貨,投信,0,0,0,0,0,0,75,120126,0,0,75,120126
20261006,小型電子期貨,外資及陸資,178,285230,170,272343,8,12887,38,60864,8,12813,30,48051
20261006,小型金融期貨,自營商,46,41020,26,23095,20,17925,12,10739,33,29533,-21,-18794
20261006,小型金融期貨,投信,0,0,0,0,0,0,0,0,0,0,0,0
20261006,小型金融期貨,外資及陸資,102,90872,88,78416,14,12456,3,2685,18,16109,-15,-13424
20261006,股票期貨,自營商,28889,16568118,39560,21156232,-10671,-4588114,79170,29893966,345059,257007730,-265889,-227113764
20261006,股票期貨,投信,58,260358,12,30896,46,229462,4891,11983216,218,38792,4673,11944424
20261006,股票期貨,外資及陸資,251392,171580669,259911,178616950,-8519,-7036281,193796,159882100,662641,423209199,-468845,-263327099
20261006,ETF期貨,自營商,1731,784006,3034,1179641,-1303,-395635,9514,3287137,40268,30811725,-30754,-27524588
20261006,ETF期貨,投信,0,0,0,0,0,0,11326,12164903,45,17613,11281,12147290
20261006,ETF期貨,外資及陸資,2867,1987429,3406,2260415,-539,-272986,17664,16155799,2781,2613153,14883,13542646
20261006,櫃買指數期貨,自營商,0,0,0,0,0,0,0,0,0,0,0,0
20261006,櫃買指數期貨,投信,0,0,0,0,0,0,0,0,0,0,0,0
20261006,櫃買指數期貨,外資及陸資,0,0,0,0,0,0,0,0,0,0,0,0
20261006,非金電期貨,自營商,215,36866,95,16354,120,20512,293,50528,72,12440,221,38088
20261006,非金電期貨,投信,0,0,0,0,0,0,0,0,0,0,0,0
20261006,非金電期貨,外資及陸資,18,3076,41,7039,-23,-3963,103,17748,19,3274,84,14474
20261006,富櫃200期貨,自營商,0,0,1,1012,-1,-1012,0,0,17,17131,-17,-17131
20261006,富櫃200期貨,投信,0,0,0,0,0,0,29,29194,0,0,29,29194
20261006,富櫃200期貨,外資及陸資,0,0,0,0,0,0,0,0,0,0,0,0
20261006,臺灣永續期貨,自營商,0,0,0,0,0,0,7,19683,7,19683,0,0
20261006,臺灣永續期貨,投信,0,0,0,0,0,0,0,0,0,0,0,0
20261006,臺灣永續期貨,外資及陸資,0,0,0,0,0,0,0,0,0,0,0,0
20261006,臺灣生技期貨,自營商,0,0,0,0,0,0,0,0,7,1449,-7,-1449
20261006,臺灣生技期貨,投信,0,0,0,0,0,0,0,0,0,0,0,0
20261006,臺灣生技期貨,外資及陸資,0,0,0,0,0,0,0,0,0,0,0,0
20261006,半導體30期貨,自營商,0,0,3,2642,-3,-2642,13,11349,6,5254,7,6095
20261006,半導體30期貨,投信,0,0,0,0,0,0,0,0,0,0,0,0
20261006,半導體30期貨,外資及陸資,0,0,0,0,0,0,0,0,0,0,0,0
20261006,航運期貨,自營商,0,0,1,211,-1,-211,1,213,33,7050,-32,-6837
20261006,航運期貨,投信,0,0,0,0,0,0,0,0,0,0,0,0
20261006,航運期貨,外資及陸資,0,0,0,0,0,0,0,0,0,0,0,0
20261006,東證期貨,自營商,76,63644,134,112012,-58,-48368,24,20110,53,44327,-29,-24217
20261006,東證期貨,投信,0,0,0,0,0,0,0,0,0,0,0,0
20261006,東證期貨,外資及陸資,155,129663,91,76290,64,53374,0,0,85,71270,-85,-71270
20261006,美國標普500期貨,自營商,1,1556,0,0,1,1556,0,0,45,70504,-45,-70504
20261006,美國標普500期貨,投信,0,0,0,0,0,0,1,1567,0,0,1,1567
20261006,美國標普500期貨,外資及陸資,0,0,1,1556,-1,-1556,2,3134,33,51703,-31,-48569
20261006,美國那斯達克100期貨,自營商,33,51612,11,17206,22,34406,10,15877,150,235410,-140,-219533
20261006,美國那斯達克100期貨,投信,0,0,0,0,0,0,2,3139,0,0,2,3139
20261006,美國那斯達克100期貨,外資及陸資,107,167224,98,153067,9,14156,12,18869,173,271835,-161,-252966
20261006,美國道瓊期貨,自營商,3,3108,45,46466,-42,-43358,0,0,79,81958,-79,-81958
20261006,美國道瓊期貨,投信,0,0,0,0,0,0,1,1033,0,0,1,1033
20261006,美國道瓊期貨,外資及陸資,70,72195,55,56515,15,15680,32,33366,211,217980,-179,-184614
20261006,美國費城半導體期貨,自營商,0,0,4,4242,-4,-4242,0,0,107,113630,-107,-113630
20261006,美國費城半導體期貨,投信,0,0,0,0,0,0,0,0,0,0,0,0
20261006,美國費城半導體期貨,外資及陸資,39,41152,46,48602,-7,-7450,86,91391,187,198639,-101,-107248
20261006,英國富時100期貨,自營商,35,18506,27,14252,8,4254,48,25447,91,48094,-43,-22647
20261006,英國富時100期貨,投信,0,0,0,0,0,0,0,0,0,0,0,0
20261006,英國富時100期貨,外資及陸資,90,47417,43,22722,47,24695,123,65006,47,24917,76,40089
