日期,商品名稱,買賣權別,身份別,買方交易口數,買方交易契約金額(千元),賣方交易口數,賣方交易契約金額(千元),交易口數買賣淨額,交易契約金額買賣淨額(千元),買方未平倉口數,買方未平倉契約金額(千元),賣方未平倉口數,賣方未平倉契約金額(千元),未平倉口數買賣淨額,未平倉契約金額買賣淨額(千元)
20261007,臺指選擇權,CALL,自營商,70437,754704,70141,387191,296,367513,27934,1614484,17694,1268796,10240,345688
20261007,臺指選擇權,CALL,投信,205,13795,4984,374028,-4779,-360233,0,0,6949,607531,-6949,-607531
20261007,臺指選擇權,CALL,外資及陸資,100978,627194,104212,613827,-3234,13367,13850,1138225,13998,1397793,-148,-259568
20261007,臺指選擇權,PUT,自營商,68277,275688,77186,270382,-8909,5307,18746,188776,17940,133337,806,55439
20261007,臺指選擇權,PUT,投信,0,0,0,0,0,0,105,111,0,0,105,111
20261007,臺指選擇權,PUT,外資及陸資,102684,433614,102298,438385,386,-4771,10044,390481,8179,353075,1865,37406
20261007,電子選擇權,CALL,自營商,0,0,0,0,0,0,5,305,0,0,5,305
20261007,電子選擇權,CALL,投信,0,0,0,0,0,0,0,0,0,0,0,0
20261007,電子選擇權,CALL,外資及陸資,0,0,0,0,0,0,0,0,0,0,0,0
20261007,電子選擇權,PUT,自營商,0,0,0,0,0,0,8,19,0,0,8,19
20261007,電子選擇權,PUT,投信,0,0,0,0,0,0,0,0,0,0,0,0
20261007,電子選擇權,PUT,外資及陸資,0,0,0,0,0,0,0,0,0,0,0,0
20261007,金融選擇權,CALL,自營商,38,233,105,639,-67,-406,12,399,299,2175,-287,-1776
20261007,金融選擇權,CALL,投信,0,0,0,0,0,0,0,0,0,0,0,0
20261007,金融選擇權,CALL,外資及陸資,0,0,0,0,0,0,0,0,0,0,0,0
20261007,金融選擇權,PUT,自營商,6,67,6,65,0,2,32,70,25,87,7,-17
20261007,金融選擇權,PUT,投信,0,0,0,0,0,0,0,0,0,0,0,0
20261007,金融選擇權,PUT,外資及陸資,0,0,0,0,0,0,0,0,0,0,0,0
20261007,股票選擇權,CALL,自營商,285,5857,475,11130,-190,-5274,1780,78265,1251,65373,529,12892
20261007,股票選擇權,CALL,投信,0,0,0,0,0,0,0,0,0,0,0,0
20261007,股票選擇權,CALL,外資及陸資,0,0,0,0,0,0,34,4491,0,0,34,4491
20261007,股票選擇權,PUT,自營商,236,2484,155,2773,81,-289,1528,23103,133,1286,1395,21817
20261007,股票選擇權,PUT,投信,0,0,0,0,0,0,0,0,0,0,0,0
20261007,股票選擇權,PUT,外資及陸資,0,0,0,0,0,0,12,689,0,0,12,689
20261007,ETF選擇權,CALL,自營商,2,138,0,0,2,138,298,7957,267,5632,31,2325
20261007,ETF選擇權,CALL,投信,0,0,0,0,0,0,0,0,0,0,0,0
20261007,ETF選擇權,CALL,外資及陸資,0,0,0,0,0,0,0,0,0,0,0,0
20261007,ETF選擇權,PUT,自營商,7,56,0,0,7,56,335,972,252,375,83,597
20261007,ETF選擇權,PUT,投信,0,0,0,0,0,0,0,0,0,0,0,0
20261007,ETF選擇權,PUT,外資及陸資,0,0,0,0,0,0,0,0,0,0,0,0
