日期,契約,商品名稱(契約名稱),到期月份(週別),交易人類別,前五大交易人買方數量,前五大交易人賣方數量,前十大交易人買方數量,前十大交易人賣方數量,全市場未沖銷部位數
20260714,BRF,布蘭特原油期貨,202609,0,33,37,44,44,46
20260714,BRF,布蘭特原油期貨,202609,1,0,0,3,0,46
20260714,BRF,布蘭特原油期貨,999912,0,44,53,62,63,68
20260714,BRF,布蘭特原油期貨,999912,1,0,0,3,0,68
20260714,BTF,臺灣生技期貨,202607,0,0,0,0,0,0
20260714,BTF,臺灣生技期貨,202607,1,0,0,0,0,0
20260714,BTF,臺灣生技期貨,999912,0,8,8,8,8,8
20260714,BTF,臺灣生技期貨,999912,1,0,0,0,0,8
20260714,CA,南亞期貨,202607,0,1241,2691,1711,2855,3130
20260714,CA,南亞期貨,202607,1,1106,2691,1106,2805,3130
20260714,CA,南亞期貨,999912,0,2568,7431,3787,10109,12048
20260714,CA,南亞期貨,999912,1,673,7431,873,10109,12048
20260714,CB,中鋼期貨,202607,0,609,1220,775,1382,1410
20260714,CB,中鋼期貨,202607,1,311,1116,358,1259,1410
20260714,CB,中鋼期貨,999912,0,1743,3867,2184,4048,4139
20260714,CB,中鋼期貨,999912,1,1054,3763,1054,3944,4139
20260714,CC,聯電期貨,202607,0,13680,17609,16609,22437,27619
20260714,CC,聯電期貨,202607,1,11293,17609,12117,21587,27619
20260714,CC,聯電期貨,999912,0,32943,52337,46863,78714,115980
20260714,CC,聯電期貨,999912,1,9200,52337,14624,78714,115980
20260714,CD,台積電期貨,202607,0,2194,5238,3231,6026,7297
20260714,CD,台積電期貨,202607,1,945,2138,1474,2926,7297
20260714,CD,台積電期貨,999912,0,15053,17349,18552,26234,42711
20260714,CD,台積電期貨,999912,1,10922,14249,12453,23134,42711
20260714,CE,富邦金期貨,202607,0,695,546,809,765,905
20260714,CE,富邦金期貨,202607,1,406,402,495,582,905
20260714,CE,富邦金期貨,999912,0,1228,1288,1528,1637,1847
20260714,CE,富邦金期貨,999912,1,988,1144,1181,1493,1847
20260714,CF,台塑期貨,202607,0,573,1203,736,1309,1343
20260714,CF,台塑期貨,202607,1,424,1127,459,1233,1343
20260714,CF,台塑期貨,999912,0,1561,3362,2206,4065,4682
20260714,CF,台塑期貨,999912,1,492,3362,492,3952,4682
20260714,CG,仁寶期貨,202607,0,956,1336,1267,1715,1882
20260714,CG,仁寶期貨,202607,1,460,1165,521,1386,1882
20260714,CG,仁寶期貨,999912,0,4083,8315,5745,8943,9255
20260714,CG,仁寶期貨,999912,1,4083,8315,4914,8494,9255
20260714,CH,友達期貨,202607,0,3985,5499,4672,5933,6675
20260714,CH,友達期貨,202607,1,2585,4999,2905,5316,6675
20260714,CH,友達期貨,999912,0,7834,19569,10701,20904,22497
20260714,CH,友達期貨,999912,1,6754,19069,7702,19947,22497
20260714,CJ,華南金期貨,202607,0,255,326,341,344,344
20260714,CJ,華南金期貨,202607,1,255,202,325,218,344
20260714,CJ,華南金期貨,999912,0,489,526,580,586,592
20260714,CJ,華南金期貨,999912,1,489,186,563,246,592
20260714,CK,國泰金期貨,202607,0,930,1041,1056,1276,1352
20260714,CK,國泰金期貨,202607,1,775,1041,831,1220,1352
20260714,CK,國泰金期貨,999912,0,2052,2106,2367,2599,2967
20260714,CK,國泰金期貨,999912,1,2052,2106,2052,2493,2967
20260714,CL,兆豐金期貨,202607,0,530,561,621,627,628
20260714,CL,兆豐金期貨,202607,1,478,481,553,530,628
20260714,CL,兆豐金期貨,999912,0,604,602,731,740,756
20260714,CL,兆豐金期貨,999912,1,502,522,615,615,756
20260714,CM,台新新光金期貨,202607,0,1184,1340,1346,1520,1572
20260714,CM,台新新光金期貨,202607,1,734,1340,777,1463,1572
20260714,CM,台新新光金期貨,999912,0,2287,2432,2756,2929,3575
20260714,CM,台新新光金期貨,999912,1,1017,2432,1183,2719,3575
20260714,CN,中信金期貨,202607,0,1979,2396,2347,2486,2495
20260714,CN,中信金期貨,202607,1,1806,2340,2004,2419,2495
20260714,CN,中信金期貨,999912,0,2244,2840,2800,3166,3334
20260714,CN,中信金期貨,999912,1,2244,2685,2390,3011,3334
20260714,CQ,統一期貨,202607,0,270,352,351,367,367
20260714,CQ,統一期貨,202607,1,178,312,214,323,367
20260714,CQ,統一期貨,999912,0,312,405,402,440,451
20260714,CQ,統一期貨,999912,1,220,365,250,400,451
20260714,CR,遠東新期貨,202607,0,747,747,1110,972,1317
20260714,CR,遠東新期貨,202607,1,572,418,859,508,1317
20260714,CR,遠東新期貨,999912,0,752,873,1159,1148,1613
20260714,CR,遠東新期貨,999912,1,577,669,874,724,1613
20260714,CS,華新期貨,202607,0,1071,1748,1312,2079,2207
20260714,CS,華新期貨,202607,1,0,1609,54,1940,2207
20260714,CS,華新期貨,999912,0,2610,4855,3360,5688,6289
20260714,CS,華新期貨,999912,1,229,4855,420,5482,6289
20260714,CU,中環期貨,202607,0,183,157,203,215,219
20260714,CU,中環期貨,202607,1,9,130,16,157,219
20260714,CU,中環期貨,999912,0,200,186,227,246,264
20260714,CU,中環期貨,999912,1,9,142,13,171,264
20260714,CW,佳世達期貨,202607,0,149,323,192,335,336
20260714,CW,佳世達期貨,202607,1,93,323,100,332,336
20260714,CW,佳世達期貨,999912,0,323,638,394,741,766
20260714,CW,佳世達期貨,999912,1,81,558,93,661,766
20260714,CX,大同期貨,202607,0,277,416,333,476,490
20260714,CX,大同期貨,202607,1,85,416,85,463,490
20260714,CX,大同期貨,999912,0,540,1184,725,1329,1361
20260714,CX,大同期貨,999912,1,147,1184,147,1316,1361
20260714,CY,南亞科期貨,202607,0,1736,3530,2210,4135,4380
20260714,CY,南亞科期貨,202607,1,1079,2720,1374,3325,4380
20260714,CY,南亞科期貨,999912,0,2713,7527,4449,11603,14221
20260714,CY,南亞科期貨,999912,1,1316,7527,1661,10793,14221
20260714,CZ,長榮期貨,202607,0,820,1791,1031,1874,1903
20260714,CZ,長榮期貨,202607,1,110,1746,155,1829,1903
20260714,CZ,長榮期貨,999912,0,3061,8604,4317,9236,9445
20260714,CZ,長榮期貨,999912,1,1767,8604,2012,9191,9445
20260714,DA,陽明期貨,202607,0,650,756,751,899,1013
20260714,DA,陽明期貨,202607,1,100,756,122,836,1013
20260714,DA,陽明期貨,999912,0,2874,3666,3283,4088,4425
20260714,DA,陽明期貨,999912,1,655,3666,755,4088,4425
20260714,DB,華航期貨,202607,0,1453,1946,1826,2414,2745
20260714,DB,華航期貨,202607,1,1252,1946,1315,2414,2745
20260714,DB,華航期貨,999912,0,2235,2633,2690,3640,4344
20260714,DB,華航期貨,999912,1,1376,2633,1466,3640,4344
20260714,DC,彰銀期貨,202607,0,241,277,285,293,293
20260714,DC,彰銀期貨,202607,1,203,241,214,256,293
20260714,DC,彰銀期貨,999912,0,315,403,408,437,437
20260714,DC,彰銀期貨,999912,1,225,367,264,393,437
20260714,DE,永豐金期貨,202607,0,135,228,202,237,237
20260714,DE,永豐金期貨,202607,1,80,215,125,219,237
20260714,DE,永豐金期貨,999912,0,256,383,348,441,464
20260714,DE,永豐金期貨,999912,1,121,220,171,248,464
20260714,DF,台泥期貨,202607,0,504,1041,670,1189,1199
20260714,DF,台泥期貨,202607,1,0,1041,39,1189,1199
20260714,DF,台泥期貨,999912,0,1629,2205,2003,2976,3569
20260714,DF,台泥期貨,999912,1,622,2205,622,2976,3569
20260714,DG,台化期貨,202607,0,1278,1586,1448,1873,1996
20260714,DG,台化期貨,202607,1,57,1586,57,1873,1996
20260714,DG,台化期貨,999912,0,3600,4987,3946,5705,6431
20260714,DG,台化期貨,999912,1,0,4987,57,5705,6431
20260714,DH,鴻海期貨,202607,0,1500,3516,2082,4312,4522
20260714,DH,鴻海期貨,202607,1,1296,3516,1791,4312,4522
20260714,DH,鴻海期貨,999912,0,18019,23998,19585,27468,29924
20260714,DH,鴻海期貨,999912,1,18019,23998,19019,27468,29924
20260714,DI,旺宏期貨,202607,0,1261,3142,1565,3593,3792
20260714,DI,旺宏期貨,202607,1,771,3142,771,3553,3792
20260714,DI,旺宏期貨,999912,0,3430,8010,4698,10787,12940
20260714,DI,旺宏期貨,999912,1,1990,8010,2279,10787,12940
20260714,DJ,華碩期貨,202607,0,249,241,275,280,305
20260714,DJ,華碩期貨,202607,1,95,241,95,280,305
20260714,DJ,華碩期貨,999912,0,307,310,356,399,439
20260714,DJ,華碩期貨,999912,1,142,310,150,399,439
20260714,DK,廣達期貨,202607,0,1063,1391,1194,1508,1555
20260714,DK,廣達期貨,202607,1,940,1391,977,1501,1555
20260714,DK,廣達期貨,999912,0,3845,5256,4712,6089,6437
20260714,DK,廣達期貨,999912,1,3845,5256,4712,5986,6437
20260714,DL,中華電期貨,202607,0,264,313,329,370,391
20260714,DL,中華電期貨,202607,1,231,230,272,280,391
20260714,DL,中華電期貨,999912,0,312,413,448,521,616
20260714,DL,中華電期貨,999912,1,257,325,329,387,616
20260714,DN,玉山金期貨,202607,0,1382,1314,1489,1507,1608
20260714,DN,玉山金期貨,202607,1,1356,1314,1379,1429,1608
20260714,DN,玉山金期貨,999912,0,1997,1532,2182,2036,2513
20260714,DN,玉山金期貨,999912,1,1932,1330,1986,1586,2513
20260714,DO,元大金期貨,202607,0,243,242,291,306,332
20260714,DO,元大金期貨,202607,1,85,222,90,256,332
20260714,DO,元大金期貨,999912,0,310,315,393,416,514
20260714,DO,元大金期貨,999912,1,172,248,172,274,514
20260714,DP,第一金期貨,202607,0,287,294,324,342,342
20260714,DP,第一金期貨,202607,1,132,294,157,332,342
20260714,DP,第一金期貨,999912,0,392,401,488,537,549
20260714,DP,第一金期貨,999912,1,202,401,213,498,549
20260714,DQ,群創期貨,202607,0,3730,9539,4811,10802,11804
20260714,DQ,群創期貨,202607,1,3383,8998,3589,9506,11804
20260714,DQ,群創期貨,999912,0,7589,27681,11524,31134,39413
20260714,DQ,群創期貨,999912,1,4441,26440,5473,27924,39413
20260714,DS,宏碁期貨,202607,0,3324,4131,3823,4541,4713
20260714,DS,宏碁期貨,202607,1,1333,3876,1648,4137,4713
20260714,DS,宏碁期貨,999912,0,4316,9498,6021,10131,10554
20260714,DS,宏碁期貨,999912,1,2686,8740,3617,9201,10554
20260714,DV,聯發科期貨,202607,0,696,1824,1056,1926,1953
20260714,DV,聯發科期貨,202607,1,497,1824,772,1926,1953
20260714,DV,聯發科期貨,999912,0,2952,4050,3727,5849,6899
20260714,DV,聯發科期貨,999912,1,646,4050,948,5849,6899
20260714,DW,潤泰全期貨,202607,0,219,338,294,349,350
20260714,DW,潤泰全期貨,202607,1,61,169,79,176,350
20260714,DW,潤泰全期貨,999912,0,993,1216,1151,1257,1285
20260714,DW,潤泰全期貨,999912,1,61,1018,61,1050,1285
20260714,DX,緯創期貨,202607,0,2075,3468,2429,3724,3869
20260714,DX,緯創期貨,202607,1,1117,3468,1200,3694,3869
20260714,DX,緯創期貨,999912,0,2863,6511,3763,7358,7879
20260714,DX,緯創期貨,999912,1,1117,6511,1533,7358,7879
20260714,DY,亞泥期貨,202607,0,210,184,238,231,240
20260714,DY,亞泥期貨,202607,1,108,184,133,219,240
20260714,DY,亞泥期貨,999912,0,407,305,545,461,643
20260714,DY,亞泥期貨,999912,1,274,234,311,355,643
20260714,DZ,大成期貨,202607,0,15,19,20,20,20
20260714,DZ,大成期貨,202607,1,7,17,9,18,20
20260714,DZ,大成期貨,999912,0,18,21,25,28,28
20260714,DZ,大成期貨,999912,1,5,21,7,24,28
20260714,E4F,臺灣永續期貨,202607,0,60,60,60,60,60
20260714,E4F,臺灣永續期貨,202607,1,0,0,0,0,60
20260714,E4F,臺灣永續期貨,999912,0,112,112,112,112,112
20260714,E4F,臺灣永續期貨,999912,1,0,0,0,0,112
20260714,EE,國喬期貨,202607,0,311,693,451,702,770
20260714,EE,國喬期貨,202607,1,214,681,278,683,770
20260714,EE,國喬期貨,999912,0,373,961,528,989,1008
20260714,EE,國喬期貨,999912,1,275,936,354,960,1008
20260714,EG,中石化期貨,202607,0,394,1276,608,1301,1310
20260714,EG,中石化期貨,202607,1,228,1276,276,1276,1310
20260714,EG,中石化期貨,999912,0,571,2015,800,2153,2189
20260714,EG,中石化期貨,999912,1,375,2015,435,2143,2189
20260714,EH,東陽期貨,202607,0,316,765,438,782,785
20260714,EH,東陽期貨,202607,1,113,765,113,775,785
20260714,EH,東陽期貨,999912,0,348,990,507,1126,1161
20260714,EH,東陽期貨,999912,1,145,990,145,1126,1161
20260714,EK,南紡期貨,202607,0,91,110,113,125,126
20260714,EK,南紡期貨,202607,1,31,101,34,114,126
20260714,EK,南紡期貨,999912,0,131,152,166,189,202
20260714,EK,南紡期貨,999912,1,31,152,31,176,202
20260714,EM,東元期貨,202607,0,541,1117,660,1136,1141
20260714,EM,東元期貨,202607,1,298,1117,347,1133,1141
20260714,EM,東元期貨,999912,0,844,2052,1064,2116,2140
20260714,EM,東元期貨,999912,1,641,2052,741,2116,2140
20260714,EO,中砂期貨,202607,0,9,10,10,10,10
20260714,EO,中砂期貨,202607,1,5,10,5,10,10
20260714,EO,中砂期貨,999912,0,14,22,21,22,22
20260714,EO,中砂期貨,999912,1,5,22,6,22,22
20260714,EP,亞德客-KY期貨,202607,0,28,34,33,37,37
20260714,EP,亞德客-KY期貨,202607,1,19,34,22,35,37
20260714,EP,亞德客-KY期貨,999912,0,40,51,51,61,61
20260714,EP,亞德客-KY期貨,999912,1,18,51,22,58,61
20260714,EY,中纖期貨,202607,0,936,1474,1196,1650,1815
20260714,EY,中纖期貨,202607,1,471,709,549,709,1815
20260714,EY,中纖期貨,999912,0,1073,1793,1529,2388,2963
20260714,EY,中纖期貨,999912,1,482,976,560,1207,2963
20260714,EZ,台肥期貨,202607,0,38,44,46,47,47
20260714,EZ,台肥期貨,202607,1,10,44,13,47,47
20260714,EZ,台肥期貨,999912,0,54,82,75,93,93
20260714,EZ,台肥期貨,999912,1,5,82,10,90,93
20260714,F1F,英國富時100期貨,202609,0,177,182,182,182,182
20260714,F1F,英國富時100期貨,202609,1,39,0,39,0,182
20260714,F1F,英國富時100期貨,999912,0,182,190,190,190,190
20260714,F1F,英國富時100期貨,999912,1,39,0,39,0,190
20260714,FB,東和鋼鐵期貨,202607,0,49,45,49,49,49
20260714,FB,東和鋼鐵期貨,202607,1,46,42,46,46,49
20260714,FB,東和鋼鐵期貨,999912,0,54,50,57,57,57
20260714,FB,東和鋼鐵期貨,999912,1,49,47,50,54,57
20260714,FE,大成鋼期貨,202607,0,603,956,770,1154,1251
20260714,FE,大成鋼期貨,202607,1,69,822,104,933,1251
20260714,FE,大成鋼期貨,999912,0,1245,1690,1539,2187,2609
20260714,FE,大成鋼期貨,999912,1,0,1690,69,2053,2609
20260714,FF,上銀期貨,202607,0,184,355,243,360,360
20260714,FF,上銀期貨,202607,1,105,355,158,358,360
20260714,FF,上銀期貨,999912,0,185,442,255,482,501
20260714,FF,上銀期貨,999912,1,105,442,175,482,501
20260714,FG,川湖期貨,202607,0,18,25,26,29,29
20260714,FG,川湖期貨,202607,1,15,25,18,28,29
20260714,FG,川湖期貨,999912,0,26,35,36,45,49
20260714,FG,川湖期貨,999912,1,23,35,29,45,49
20260714,FK,正新期貨,202607,0,323,401,412,485,499
20260714,FK,正新期貨,202607,1,158,401,185,472,499
20260714,FK,正新期貨,999912,0,515,616,634,791,859
20260714,FK,正新期貨,999912,1,210,616,259,748,859
20260714,FN,裕隆期貨,202607,0,253,351,306,358,358
20260714,FN,裕隆期貨,202607,1,193,351,204,356,358
20260714,FN,裕隆期貨,999912,0,588,965,793,1024,1030
20260714,FN,裕隆期貨,999912,1,269,965,269,1015,1030
20260714,FQ,光寶科期貨,202607,0,811,1208,917,1312,1344
20260714,FQ,光寶科期貨,202607,1,638,1208,685,1312,1344
20260714,FQ,光寶科期貨,999912,0,1454,2261,1735,2850,3200
20260714,FQ,光寶科期貨,999912,1,979,2261,1065,2850,3200
20260714,FR,台達電期貨,202607,0,1079,1163,1181,1486,1612
20260714,FR,台達電期貨,202607,1,762,1163,776,1486,1612
20260714,FR,台達電期貨,999912,0,4126,4070,4577,5280,6227
20260714,FR,台達電期貨,999912,1,1908,4070,2138,5280,6227
20260714,FS,金寶期貨,202607,0,639,1246,788,1265,1270
20260714,FS,金寶期貨,202607,1,639,1246,702,1258,1270
20260714,FS,金寶期貨,999912,0,833,2070,1057,2126,2164
20260714,FS,金寶期貨,999912,1,833,2070,959,2116,2164
20260714,FT,華通期貨,202607,0,1642,2069,1991,2293,6759
20260714,FT,華通期貨,202607,1,1642,1822,1991,1886,6759
20260714,FT,華通期貨,999912,0,3503,5400,4659,7173,8908
20260714,FT,華通期貨,999912,1,3071,5400,3570,7173,8908
20260714,FV,精英期貨,202607,0,85,103,105,119,119
20260714,FV,精英期貨,202607,1,75,103,75,112,119
20260714,FV,精英期貨,999912,0,245,327,292,350,353
20260714,FV,精英期貨,999912,1,119,327,128,340,353
20260714,FW,友訊期貨,202607,0,223,501,328,541,558
20260714,FW,友訊期貨,202607,1,93,438,114,447,558
20260714,FW,友訊期貨,999912,0,678,1302,856,1614,1830
20260714,FW,友訊期貨,999912,1,56,1302,93,1522,1830
20260714,FY,台亞期貨,202607,0,263,595,393,606,606
20260714,FY,台亞期貨,202607,1,263,595,376,599,606
20260714,FY,台亞期貨,999912,0,455,1008,624,1041,1048
20260714,FY,台亞期貨,999912,1,407,1000,541,1028,1048
20260714,FZ,華邦電期貨,202607,0,1682,5378,2212,5561,5733
20260714,FZ,華邦電期貨,202607,1,921,5378,1040,5516,5733
20260714,FZ,華邦電期貨,999912,0,5526,11938,7253,16020,18342
20260714,FZ,華邦電期貨,999912,1,496,11938,1243,16020,18342
20260714,G2F,富櫃200期貨,202607,0,16,16,16,16,16
20260714,G2F,富櫃200期貨,202607,1,0,0,0,0,16
20260714,G2F,富櫃200期貨,999912,0,46,45,46,46,46
20260714,G2F,富櫃200期貨,999912,1,29,0,29,0,46
20260714,GA,聯強期貨,202607,0,263,234,295,274,314
20260714,GA,聯強期貨,202607,1,263,234,282,253,314
20260714,GA,聯強期貨,999912,0,366,371,443,428,480
20260714,GA,聯強期貨,999912,1,366,371,418,412,480
20260714,GC,鴻準期貨,202607,0,161,360,241,412,418
20260714,GC,鴻準期貨,202607,1,39,360,69,406,418
20260714,GC,鴻準期貨,999912,0,280,695,402,797,820
20260714,GC,鴻準期貨,999912,1,69,695,69,797,820
20260714,GDF,黃金期貨,202608,0,185,250,235,250,250
20260714,GDF,黃金期貨,202608,1,0,0,0,0,250
20260714,GDF,黃金期貨,999912,0,223,310,278,310,310
20260714,GDF,黃金期貨,999912,1,0,60,0,60,310
20260714,GH,技嘉期貨,202607,0,262,573,357,610,613
20260714,GH,技嘉期貨,202607,1,78,573,113,610,613
20260714,GH,技嘉期貨,999912,0,554,1654,810,1705,1719
20260714,GH,技嘉期貨,999912,1,173,1654,277,1705,1719
20260714,GI,微星期貨,202607,0,995,2010,1400,2071,2088
20260714,GI,微星期貨,202607,1,811,2010,1083,2061,2088
20260714,GI,微星期貨,999912,0,1057,2957,1600,3107,3193
20260714,GI,微星期貨,999912,1,873,2957,1286,3107,3193
20260714,GJ,瑞昱期貨,202607,0,201,285,270,316,337
20260714,GJ,瑞昱期貨,202607,1,155,233,170,259,337
20260714,GJ,瑞昱期貨,999912,0,262,389,359,502,548
20260714,GJ,瑞昱期貨,999912,1,186,351,223,430,548
20260714,GK,群光期貨,202607,0,63,176,86,177,177
20260714,GK,群光期貨,202607,1,12,175,20,175,177
20260714,GK,群光期貨,999912,0,80,346,130,363,365
20260714,GK,群光期貨,999912,1,15,346,27,360,365
20260714,GL,正崴期貨,202607,0,73,130,104,131,131
20260714,GL,正崴期貨,202607,1,9,130,15,131,131
20260714,GL,正崴期貨,999912,0,132,201,177,244,244
20260714,GL,正崴期貨,999912,1,0,201,15,243,244
20260714,GM,億光期貨,202607,0,59,75,71,77,77
20260714,GM,億光期貨,202607,1,53,75,56,77,77
20260714,GM,億光期貨,999912,0,74,97,90,101,101
20260714,GM,億光期貨,999912,1,52,97,59,100,101
20260714,GN,凌陽期貨,202607,0,309,688,414,693,693
20260714,GN,凌陽期貨,202607,1,140,685,187,685,693
20260714,GN,凌陽期貨,999912,0,361,900,550,988,1007
20260714,GN,凌陽期貨,999912,1,140,900,169,988,1007
20260714,GO,漢唐期貨,202607,0,132,180,178,229,246
20260714,GO,漢唐期貨,202607,1,114,180,120,229,246
20260714,GO,漢唐期貨,999912,0,140,215,202,293,362
20260714,GO,漢唐期貨,999912,1,107,215,119,293,362
20260714,GR,京元電子期貨,202607,0,579,1103,706,1198,1232
20260714,GR,京元電子期貨,202607,1,339,1103,401,1198,1232
20260714,GR,京元電子期貨,999912,0,956,3599,1393,4036,4260
20260714,GR,京元電子期貨,999912,1,756,3599,1037,4036,4260
20260714,GTF,櫃買期貨,202607,0,1,1,1,1,1
20260714,GTF,櫃買期貨,202607,1,0,0,0,0,1
20260714,GTF,櫃買期貨,999912,0,1,1,1,1,1
20260714,GTF,櫃買期貨,999912,1,0,0,0,0,1
20260714,GU,全新期貨,202607,0,595,814,773,1101,1222
20260714,GU,全新期貨,202607,1,236,814,282,1101,1222
20260714,GU,全新期貨,999912,0,1072,1769,1357,2243,2502
20260714,GU,全新期貨,999912,1,308,1769,436,2243,2502
20260714,GV,飛宏期貨,202607,0,103,193,138,213,213
20260714,GV,飛宏期貨,202607,1,53,193,53,211,213
20260714,GV,飛宏期貨,999912,0,122,258,167,288,291
20260714,GV,飛宏期貨,999912,1,43,258,53,286,291
20260714,GW,義隆期貨,202607,0,110,279,153,281,281
20260714,GW,義隆期貨,202607,1,43,279,61,280,281
20260714,GW,義隆期貨,999912,0,138,390,183,405,415
20260714,GW,義隆期貨,999912,1,43,390,61,399,415
20260714,GX,可成期貨,202607,0,411,1136,564,1259,1323
20260714,GX,可成期貨,202607,1,0,1059,0,1156,1323
20260714,GX,可成期貨,999912,0,756,3059,1116,3293,3531
20260714,GX,可成期貨,999912,1,0,3059,0,3216,3531
20260714,GY,強茂期貨,202607,0,823,1817,1037,2035,2251
20260714,GY,強茂期貨,202607,1,488,698,522,866,2251
20260714,GY,強茂期貨,999912,0,1968,4443,2836,5880,6916
20260714,GY,強茂期貨,999912,1,778,3324,778,4761,6916
20260714,GZ,兆赫期貨,202607,0,592,916,746,949,977
20260714,GZ,兆赫期貨,202607,1,457,857,528,857,977
20260714,GZ,兆赫期貨,999912,0,736,1396,1046,1458,1507
20260714,GZ,兆赫期貨,999912,1,601,1339,837,1371,1507
20260714,HA,瑞軒期貨,202607,0,379,1238,562,1275,1285
20260714,HA,瑞軒期貨,202607,1,82,1238,115,1268,1285
20260714,HA,瑞軒期貨,999912,0,761,2466,1106,2554,2588
20260714,HA,瑞軒期貨,999912,1,149,2466,149,2534,2588
20260714,HB,華新科期貨,202607,0,692,977,874,1225,1468
20260714,HB,華新科期貨,202607,1,289,977,289,1162,1468
20260714,HB,華新科期貨,999912,0,1154,2209,1498,2766,3465
20260714,HB,華新科期貨,999912,1,540,2209,632,2766,3465
20260714,HC,宏達電期貨,202607,0,313,730,459,882,916
20260714,HC,宏達電期貨,202607,1,145,417,172,472,916
20260714,HC,宏達電期貨,999912,0,711,1568,970,1828,2036
20260714,HC,宏達電期貨,999912,1,534,1225,588,1315,2036
20260714,HH,中工期貨,202607,0,136,219,197,253,261
20260714,HH,中工期貨,202607,1,44,205,44,219,261
20260714,HH,中工期貨,999912,0,246,436,366,514,541
20260714,HH,中工期貨,999912,1,44,387,44,441,541
20260714,HI,冠德期貨,202607,0,95,206,144,209,209
20260714,HI,冠德期貨,202607,1,33,203,63,203,209
20260714,HI,冠德期貨,999912,0,109,246,160,256,256
20260714,HI,冠德期貨,999912,1,33,240,63,246,256
20260714,HL,興富發期貨,202607,0,199,306,265,329,329
20260714,HL,興富發期貨,202607,1,127,306,136,314,329
20260714,HL,興富發期貨,999912,0,381,529,500,664,670
20260714,HL,興富發期貨,999912,1,175,460,198,557,670
20260714,HO,華固期貨,202607,0,80,69,90,86,92
20260714,HO,華固期貨,202607,1,0,60,0,66,92
20260714,HO,華固期貨,999912,0,159,166,211,238,253
20260714,HO,華固期貨,999912,1,0,109,18,124,253
20260714,HQ,新興期貨,202607,0,223,427,313,494,498
20260714,HQ,新興期貨,202607,1,25,427,25,491,498
20260714,HQ,新興期貨,999912,0,296,573,438,714,776
20260714,HQ,新興期貨,999912,1,0,573,37,714,776
20260714,HS,長榮航期貨,202607,0,1945,2163,2412,2900,3314
20260714,HS,長榮航期貨,202607,1,1595,2163,1595,2900,3314
20260714,HS,長榮航期貨,999912,0,2436,3144,3292,4303,5621
20260714,HS,長榮航期貨,999912,1,1968,2619,2164,3778,5621
20260714,IA,臺企銀期貨,202607,0,196,206,216,220,220
20260714,IA,臺企銀期貨,202607,1,150,150,159,164,220
20260714,IA,臺企銀期貨,999912,0,472,546,554,600,602
20260714,IA,臺企銀期貨,999912,1,187,490,224,535,602
20260714,IH,農林期貨,202607,0,94,105,107,114,115
20260714,IH,農林期貨,202607,1,0,73,3,78,115
20260714,IH,農林期貨,999912,0,183,218,215,239,246
20260714,IH,農林期貨,999912,1,0,186,0,198,246
20260714,II,晶豪科期貨,202607,0,394,734,518,817,829
20260714,II,晶豪科期貨,202607,1,199,734,274,811,829
20260714,II,晶豪科期貨,999912,0,825,1438,1149,1803,1951
20260714,II,晶豪科期貨,999912,1,462,1438,462,1803,1951
20260714,IJ,大立光期貨,202607,0,280,353,340,373,375
20260714,IJ,大立光期貨,202607,1,280,340,292,357,375
20260714,IJ,大立光期貨,999912,0,398,633,531,673,692
20260714,IJ,大立光期貨,999912,1,328,620,394,660,692
20260714,IM,亞光期貨,202607,0,453,806,536,825,827
20260714,IM,亞光期貨,202607,1,351,806,389,819,827
20260714,IM,亞光期貨,999912,0,1265,2447,1513,2525,2540
20260714,IM,亞光期貨,999912,1,1196,2400,1238,2472,2540
20260714,IO,聯詠期貨,202607,0,229,364,298,446,483
20260714,IO,聯詠期貨,202607,1,17,333,29,415,483
20260714,IO,聯詠期貨,999912,0,385,701,475,830,899
20260714,IO,聯詠期貨,999912,1,103,701,138,799,899
20260714,IP,智原期貨,202607,0,198,508,258,514,518
20260714,IP,智原期貨,202607,1,198,492,213,496,518
20260714,IP,智原期貨,999912,0,465,1728,653,1779,1803
20260714,IP,智原期貨,999912,1,405,1711,513,1733,1803
20260714,IQ,文曄期貨,202607,0,1041,1233,1288,1519,1597
20260714,IQ,文曄期貨,202607,1,880,1073,942,1359,1597
20260714,IQ,文曄期貨,999912,0,1714,1967,2067,2680,3019
20260714,IQ,文曄期貨,999912,1,1536,1967,1678,2520,3019
20260714,IR,欣興期貨,202607,0,374,950,511,1145,1244
20260714,IR,欣興期貨,202607,1,140,950,167,1107,1244
20260714,IR,欣興期貨,999912,0,957,2559,1446,3678,5039
20260714,IR,欣興期貨,999912,1,278,2559,452,3678,5039
20260714,IT,晶技期貨,202607,0,284,1101,451,1247,1283
20260714,IT,晶技期貨,202607,1,123,1101,159,1235,1283
20260714,IT,晶技期貨,999912,0,1172,2632,1423,3065,3429
20260714,IT,晶技期貨,999912,1,75,2632,123,3065,3429
20260714,IX,景碩期貨,202607,0,1022,1316,1173,1555,1786
20260714,IX,景碩期貨,202607,1,466,1316,466,1555,1786
20260714,IX,景碩期貨,999912,0,1576,2904,2156,3704,4665
20260714,IX,景碩期貨,999912,1,424,2904,582,3704,4665
20260714,IY,新日興期貨,202607,0,820,1102,920,1163,1168
20260714,IY,新日興期貨,202607,1,637,1102,637,1159,1168
20260714,IY,新日興期貨,999912,0,938,2174,1417,2345,2406
20260714,IY,新日興期貨,999912,1,750,2174,750,2345,2406
20260714,IZ,明泰期貨,202607,0,164,237,205,246,246
20260714,IZ,明泰期貨,202607,1,101,237,114,245,246
20260714,IZ,明泰期貨,999912,0,323,428,380,454,455
20260714,IZ,明泰期貨,999912,1,70,428,109,452,455
20260714,JB,創意期貨,202607,0,152,188,201,271,310
20260714,JB,創意期貨,202607,1,131,188,142,271,310
20260714,JB,創意期貨,999912,0,492,563,622,771,960
20260714,JB,創意期貨,999912,1,62,563,165,771,960
20260714,JF,嘉澤期貨,202607,0,34,29,41,39,44
20260714,JF,嘉澤期貨,202607,1,27,29,31,36,44
20260714,JF,嘉澤期貨,999912,0,40,43,53,59,70
20260714,JF,嘉澤期貨,999912,1,24,43,32,56,70
20260714,JM,健策期貨,202607,0,70,65,80,81,89
20260714,JM,健策期貨,202607,1,64,65,66,77,89
20260714,JM,健策期貨,999912,0,120,134,139,156,174
20260714,JM,健策期貨,999912,1,68,134,71,152,174
20260714,JN,TPK-KY期貨,202607,0,238,798,354,844,850
20260714,JN,TPK-KY期貨,202607,1,188,770,188,816,850
20260714,JN,TPK-KY期貨,999912,0,269,1011,399,1147,1227
20260714,JN,TPK-KY期貨,999912,1,218,1011,218,1111,1227
20260714,JP,大聯大期貨,202607,0,1073,1276,1184,1369,1373
20260714,JP,大聯大期貨,202607,1,1016,1276,1016,1367,1373
20260714,JP,大聯大期貨,999912,0,1950,2163,2147,2451,2566
20260714,JP,大聯大期貨,999912,1,1552,2163,1595,2363,2566
20260714,JS,和碩期貨,202607,0,147,218,205,284,309
20260714,JS,和碩期貨,202607,1,101,191,111,257,309
20260714,JS,和碩期貨,999912,0,203,419,311,506,579
20260714,JS,和碩期貨,999912,1,123,392,142,479,579
20260714,JW,長虹期貨,202607,0,35,48,44,48,48
20260714,JW,長虹期貨,202607,1,12,48,12,48,48
20260714,JW,長虹期貨,999912,0,249,307,284,309,309
20260714,JW,長虹期貨,999912,1,12,272,12,273,309
20260714,JX,群益證期貨,202607,0,91,109,117,134,140
20260714,JX,群益證期貨,202607,1,0,96,6,108,140
20260714,JX,群益證期貨,999912,0,232,324,279,368,379
20260714,JX,群益證期貨,999912,1,124,324,124,335,379
20260714,JZ,嘉聯益期貨,202607,0,388,589,480,595,595
20260714,JZ,嘉聯益期貨,202607,1,179,352,179,357,595
20260714,JZ,嘉聯益期貨,999912,0,523,965,681,995,1003
20260714,JZ,嘉聯益期貨,999912,1,179,402,179,432,1003
20260714,KA,瑞儀期貨,202607,0,95,230,142,267,271
20260714,KA,瑞儀期貨,202607,1,46,230,62,249,271
20260714,KA,瑞儀期貨,999912,0,270,821,381,884,911
20260714,KA,瑞儀期貨,999912,1,217,821,217,873,911
20260714,KB,聯茂期貨,202607,0,947,1152,1116,1354,1465
20260714,KB,聯茂期貨,202607,1,713,1152,713,1354,1465
20260714,KB,聯茂期貨,999912,0,1384,2118,1992,3017,3770
20260714,KB,聯茂期貨,999912,1,910,2118,1060,3017,3770
20260714,KC,力成期貨,202607,0,905,1987,1066,2222,2304
20260714,KC,力成期貨,202607,1,803,1987,803,2222,2304
20260714,KC,力成期貨,999912,0,1368,3545,1732,4288,4790
20260714,KC,力成期貨,999912,1,982,3545,1077,4288,4790
20260714,KD,同欣電期貨,202607,0,414,729,469,749,750
20260714,KD,同欣電期貨,202607,1,271,729,293,745,750
20260714,KD,同欣電期貨,999912,0,481,1118,568,1213,1254
20260714,KD,同欣電期貨,999912,1,321,1118,321,1213,1254
20260714,KE,台表科期貨,202607,0,229,444,319,485,500
20260714,KE,台表科期貨,202607,1,94,444,117,476,500
20260714,KE,台表科期貨,999912,0,279,1027,451,1091,1154
20260714,KE,台表科期貨,999912,1,56,1027,126,1067,1154
20260714,KF,康舒期貨,202607,0,736,2149,1026,2195,2210
20260714,KF,康舒期貨,202607,1,262,2149,367,2170,2210
20260714,KF,康舒期貨,999912,0,2903,4479,3355,5248,5871
20260714,KF,康舒期貨,999912,1,1732,4479,1884,5119,5871
20260714,KG,啟碁期貨,202607,0,84,266,126,334,357
20260714,KG,啟碁期貨,202607,1,0,266,0,325,357
20260714,KG,啟碁期貨,999912,0,287,766,406,893,1023
20260714,KG,啟碁期貨,999912,1,0,766,0,876,1023
20260714,KI,台虹期貨,202607,0,296,395,357,444,500
20260714,KI,台虹期貨,202607,1,136,360,155,376,500
20260714,KI,台虹期貨,999912,0,713,1344,994,1484,1787
20260714,KI,台虹期貨,999912,1,255,1344,255,1429,1787
20260714,KK,達方期貨,202607,0,83,106,104,122,125
20260714,KK,達方期貨,202607,1,67,106,67,119,125
20260714,KK,達方期貨,999912,0,83,114,111,140,144
20260714,KK,達方期貨,999912,1,60,114,67,138,144
20260714,KL,寶成期貨,202607,0,333,517,474,622,690
20260714,KL,寶成期貨,202607,1,213,312,278,382,690
20260714,KL,寶成期貨,999912,0,379,717,571,871,1016
20260714,KL,寶成期貨,999912,1,170,500,248,654,1016
20260714,KO,宏全期貨,202607,0,69,79,81,83,83
20260714,KO,宏全期貨,202607,1,5,71,13,73,83
20260714,KO,宏全期貨,999912,0,152,153,180,183,195
20260714,KO,宏全期貨,999912,1,0,153,9,173,195
20260714,KP,潤泰新期貨,202607,0,284,336,342,393,398
20260714,KP,潤泰新期貨,202607,1,220,336,233,361,398
20260714,KP,潤泰新期貨,999912,0,707,941,850,1020,1039
20260714,KP,潤泰新期貨,999912,1,221,941,221,991,1039
20260714,KS,聚陽期貨,202607,0,51,88,67,90,90
20260714,KS,聚陽期貨,202607,1,14,81,25,82,90
20260714,KS,聚陽期貨,999912,0,52,110,74,124,124
20260714,KS,聚陽期貨,999912,1,14,103,23,114,124
20260714,KU,台玻期貨,202607,0,4852,7003,5470,7085,7132
20260714,KU,台玻期貨,202607,1,4852,7003,5142,7046,7132
20260714,KU,台玻期貨,999912,0,7886,14100,9643,14348,14563
20260714,KU,台玻期貨,999912,1,7886,13965,9643,14125,14563
20260714,KW,廣宇期貨,202607,0,296,551,362,575,579
20260714,KW,廣宇期貨,202607,1,229,551,241,572,579
20260714,KW,廣宇期貨,999912,0,409,1099,547,1140,1149
20260714,KW,廣宇期貨,999912,1,359,1099,393,1137,1149
20260714,LB,健鼎期貨,202607,0,149,147,176,198,234
20260714,LB,健鼎期貨,202607,1,112,147,118,198,234
20260714,LB,健鼎期貨,999912,0,212,231,250,304,364
20260714,LB,健鼎期貨,999912,1,155,231,166,304,364
20260714,LC,台灣大期貨,202607,0,1017,904,1102,1035,1144
20260714,LC,台灣大期貨,202607,1,771,478,811,569,1144
20260714,LC,台灣大期貨,999912,0,2114,1851,2390,2248,2599
20260714,LC,台灣大期貨,999912,1,1841,1300,2087,1571,2599
20260714,LE,玉晶光期貨,202607,0,97,161,144,205,213
20260714,LE,玉晶光期貨,202607,1,80,161,80,205,213
20260714,LE,玉晶光期貨,999912,0,163,269,237,335,385
20260714,LE,玉晶光期貨,999912,1,51,269,93,335,385
20260714,LI,台郡期貨,202607,0,151,460,217,488,489
20260714,LI,台郡期貨,202607,1,91,460,91,487,489
20260714,LI,台郡期貨,999912,0,241,847,365,961,1001
20260714,LI,台郡期貨,999912,1,76,657,98,771,1001
20260714,LM,美利達期貨,202607,0,111,254,171,255,255
20260714,LM,美利達期貨,202607,1,16,64,44,64,255
20260714,LM,美利達期貨,999912,0,167,314,259,390,433
20260714,LM,美利達期貨,999912,1,0,127,48,203,433
20260714,LO,合庫金期貨,202607,0,192,222,232,233,233
20260714,LO,合庫金期貨,202607,1,98,222,131,228,233
20260714,LO,合庫金期貨,999912,0,212,241,259,266,269
20260714,LO,合庫金期貨,999912,1,98,231,140,244,269
20260714,LQ,英業達期貨,202607,0,1699,2425,2316,2637,2942
20260714,LQ,英業達期貨,202607,1,1699,1930,2249,2062,2942
20260714,LQ,英業達期貨,999912,0,3133,5326,4365,5810,6371
20260714,LQ,英業達期貨,999912,1,3133,4987,4076,5200,6371
20260714,LR,凱基金期貨,202607,0,2684,2044,2738,2588,2819
20260714,LR,凱基金期貨,202607,1,2564,2044,2564,2588,2819
20260714,LR,凱基金期貨,999912,0,3557,2984,3710,3570,3943
20260714,LR,凱基金期貨,999912,1,3012,2984,3103,3570,3943
20260714,LT,遠傳期貨,202607,0,571,647,666,700,706
20260714,LT,遠傳期貨,202607,1,471,647,546,677,706
20260714,LT,遠傳期貨,999912,0,599,720,748,812,835
20260714,LT,遠傳期貨,999912,1,499,720,607,791,835
20260714,LU,臻鼎-KY期貨,202607,0,648,1201,779,1347,1461
20260714,LU,臻鼎-KY期貨,202607,1,597,1201,597,1347,1461
20260714,LU,臻鼎-KY期貨,999912,0,1481,3552,1954,4719,5533
20260714,LU,臻鼎-KY期貨,999912,1,1140,3552,1225,4719,5533
20260714,LV,中租-KY期貨,202607,0,208,306,272,317,317
20260714,LV,中租-KY期貨,202607,1,40,306,65,317,317
20260714,LV,中租-KY期貨,999912,0,230,365,310,425,440
20260714,LV,中租-KY期貨,999912,1,21,365,56,417,440
20260714,LW,儒鴻期貨,202607,0,24,27,30,33,33
20260714,LW,儒鴻期貨,202607,1,19,27,20,33,33
20260714,LW,儒鴻期貨,999912,0,27,34,36,41,42
20260714,LW,儒鴻期貨,999912,1,19,34,19,41,42
20260714,LX,國巨期貨,202607,0,1295,3065,1870,3859,4239
20260714,LX,國巨期貨,202607,1,335,2274,335,3068,4239
20260714,LX,國巨期貨,999912,0,2879,9605,4465,12668,15149
20260714,LX,國巨期貨,999912,1,473,9605,816,11877,15149
20260714,LY,南電期貨,202607,0,486,645,677,804,952
20260714,LY,南電期貨,202607,1,242,645,338,804,952
20260714,LY,南電期貨,999912,0,817,1341,1244,2028,2759
20260714,LY,南電期貨,999912,1,495,1341,495,2028,2759
20260714,M1F,臺灣中型100期貨,202607,0,299,286,303,303,303
20260714,M1F,臺灣中型100期貨,202607,1,15,47,15,47,303
20260714,M1F,臺灣中型100期貨,999912,0,732,672,739,727,742
20260714,M1F,臺灣中型100期貨,999912,1,15,281,15,281,742
20260714,MB,敬鵬期貨,202607,0,167,427,224,435,438
20260714,MB,敬鵬期貨,202607,1,132,427,142,432,438
20260714,MB,敬鵬期貨,999912,0,227,666,315,726,747
20260714,MB,敬鵬期貨,999912,1,197,666,197,722,747
20260714,MJ,致茂期貨,202607,0,61,55,73,77,82
20260714,MJ,致茂期貨,202607,1,49,55,58,77,82
20260714,MJ,致茂期貨,999912,0,112,122,150,182,214
20260714,MJ,致茂期貨,999912,1,86,107,97,167,214
20260714,MK,美律期貨,202607,0,62,214,105,218,218
20260714,MK,美律期貨,202607,1,19,199,29,203,218
20260714,MK,美律期貨,999912,0,85,414,137,445,451
20260714,MK,美律期貨,999912,1,19,414,19,428,451
20260714,MQ,矽格期貨,202607,0,315,347,362,473,539
20260714,MQ,矽格期貨,202607,1,243,347,243,473,539
20260714,MQ,矽格期貨,999912,0,370,782,495,998,1155
20260714,MQ,矽格期貨,999912,1,245,782,245,998,1155
20260714,MV,百和期貨,202607,0,52,59,61,64,64
20260714,MV,百和期貨,202607,1,32,59,32,61,64
20260714,MV,百和期貨,999912,0,99,129,132,152,157
20260714,MV,百和期貨,999912,1,16,129,33,152,157
20260714,MY,精華期貨,202607,0,8,8,8,8,8
20260714,MY,精華期貨,202607,1,6,8,6,8,8
20260714,MY,精華期貨,999912,0,11,11,11,11,11
20260714,MY,精華期貨,999912,1,6,11,6,11,11
20260714,NA,穩懋期貨,202607,0,1208,2062,1545,2393,2568
20260714,NA,穩懋期貨,202607,1,1007,1880,1243,2211,2568
20260714,NA,穩懋期貨,999912,0,3883,5682,4776,6866,8013
20260714,NA,穩懋期貨,999912,1,680,5682,1095,6684,8013
20260714,NB,璟德期貨,202607,0,18,19,21,21,76
20260714,NB,璟德期貨,202607,1,13,10,13,11,76
20260714,NB,璟德期貨,999912,0,44,83,66,91,93
20260714,NB,璟德期貨,999912,1,18,75,23,81,93
20260714,NC,順達期貨,202607,0,61,124,88,159,162
20260714,NC,順達期貨,202607,1,0,87,5,117,162
20260714,NC,順達期貨,999912,0,75,173,112,229,265
20260714,NC,順達期貨,999912,1,0,136,0,192,265
20260714,ND,威剛期貨,202607,0,255,460,352,581,757
20260714,ND,威剛期貨,202607,1,130,169,155,250,757
20260714,ND,威剛期貨,999912,0,621,1400,980,1701,2477
20260714,ND,威剛期貨,999912,1,409,979,535,1040,2477
20260714,NE,欣銓期貨,202607,0,224,332,262,381,381
20260714,NE,欣銓期貨,202607,1,212,332,219,380,381
20260714,NE,欣銓期貨,999912,0,260,506,332,638,670
20260714,NE,欣銓期貨,999912,1,185,506,219,638,670
20260714,NG,碩禾期貨,202607,0,116,191,149,210,213
20260714,NG,碩禾期貨,202607,1,11,153,23,158,213
20260714,NG,碩禾期貨,999912,0,172,348,229,388,402
20260714,NG,碩禾期貨,999912,1,76,292,97,297,402
20260714,NI,晟德期貨,202607,0,68,105,98,125,129
20260714,NI,晟德期貨,202607,1,20,88,26,88,129
20260714,NI,晟德期貨,999912,0,103,204,157,261,337
20260714,NI,晟德期貨,999912,1,0,97,20,97,337
20260714,NJ,榮剛期貨,202607,0,340,439,397,458,462
20260714,NJ,榮剛期貨,202607,1,113,439,128,444,462
20260714,NJ,榮剛期貨,999912,0,674,830,793,926,952
20260714,NJ,榮剛期貨,999912,1,84,830,113,926,952
20260714,NL,世界期貨,202607,0,1210,1501,1431,1836,2033
20260714,NL,世界期貨,202607,1,258,1501,314,1836,2033
20260714,NL,世界期貨,999912,0,4481,5767,6199,7480,8943
20260714,NL,世界期貨,999912,1,1093,5767,1093,7480,8943
20260714,NM,中光電期貨,202607,0,355,674,418,690,702
20260714,NM,中光電期貨,202607,1,77,674,89,683,702
20260714,NM,中光電期貨,999912,0,371,1208,465,1313,1388
20260714,NM,中光電期貨,999912,1,36,1208,79,1303,1388
20260714,NO,中美晶期貨,202607,0,231,849,402,978,1035
20260714,NO,中美晶期貨,202607,1,47,849,116,923,1035
20260714,NO,中美晶期貨,999912,0,578,1889,866,2491,2994
20260714,NO,中美晶期貨,999912,1,89,1889,89,2491,2994
20260714,NQ,新普期貨,202607,0,26,28,31,32,32
20260714,NQ,新普期貨,202607,1,19,21,20,25,32
20260714,NQ,新普期貨,999912,0,42,37,47,49,53
20260714,NQ,新普期貨,999912,1,19,33,19,39,53
20260714,NS,頎邦期貨,202607,0,1832,3043,2235,3560,3673
20260714,NS,頎邦期貨,202607,1,1427,3043,1427,3470,3673
20260714,NS,頎邦期貨,999912,0,2740,7027,3898,8102,8564
20260714,NS,頎邦期貨,999912,1,1475,7027,1719,8012,8564
20260714,NU,網家期貨,202607,0,18,19,21,21,21
20260714,NU,網家期貨,202607,1,0,17,0,19,21
20260714,NU,網家期貨,999912,0,24,29,32,34,34
20260714,NU,網家期貨,999912,1,0,25,0,28,34
20260714,NV,元太期貨,202607,0,393,660,506,734,735
20260714,NV,元太期貨,202607,1,293,660,315,734,735
20260714,NV,元太期貨,999912,0,555,1089,732,1211,1319
20260714,NV,元太期貨,999912,1,437,1089,484,1211,1319
20260714,NW,群聯期貨,202607,0,664,911,802,1150,1335
20260714,NW,群聯期貨,202607,1,169,911,197,1150,1335
20260714,NW,群聯期貨,999912,0,1376,2089,1750,2858,3557
20260714,NW,群聯期貨,999912,1,431,2089,525,2858,3557
20260714,NY,元大台灣50ETF期貨,202607,0,1639,3329,2029,3751,4232
20260714,NY,元大台灣50ETF期貨,202607,1,393,3329,393,3751,4232
20260714,NY,元大台灣50ETF期貨,999912,0,13837,18489,17277,23204,25306
20260714,NY,元大台灣50ETF期貨,999912,1,13837,18489,15595,23204,25306
20260714,OA,富邦上証ETF期貨,202607,0,323,332,331,332,332
20260714,OA,富邦上証ETF期貨,202607,1,0,303,4,303,332
20260714,OA,富邦上証ETF期貨,999912,0,990,969,1009,1016,1020
20260714,OA,富邦上証ETF期貨,999912,1,640,618,644,628,1020
20260714,OB,元大上證50ETF期貨,202607,0,37,37,37,37,37
20260714,OB,元大上證50ETF期貨,202607,1,0,0,0,0,37
20260714,OB,元大上證50ETF期貨,999912,0,46,46,46,46,46
20260714,OB,元大上證50ETF期貨,999912,1,0,0,0,0,46
20260714,OD,為升期貨,202607,0,223,481,318,481,481
20260714,OD,為升期貨,202607,1,0,481,0,481,481
20260714,OD,為升期貨,999912,0,226,635,342,640,640
20260714,OD,為升期貨,999912,1,0,618,50,620,640
20260714,OE,彩晶期貨,202607,0,3135,4949,3928,5157,5353
20260714,OE,彩晶期貨,202607,1,521,4628,837,4703,5353
20260714,OE,彩晶期貨,999912,0,4681,9322,6454,9794,10223
20260714,OE,彩晶期貨,999912,1,2276,9122,2943,9182,10223
20260714,OH,胡連期貨,202607,0,45,73,62,74,74
20260714,OH,胡連期貨,202607,1,0,73,6,74,74
20260714,OH,胡連期貨,999912,0,48,91,73,93,93
20260714,OH,胡連期貨,999912,1,0,91,9,93,93
20260714,OJ,國泰中國A50ETF期貨,202607,0,24,29,29,29,29
20260714,OJ,國泰中國A50ETF期貨,202607,1,0,1,0,1,29
20260714,OJ,國泰中國A50ETF期貨,999912,0,57,94,73,95,95
20260714,OJ,國泰中國A50ETF期貨,999912,1,0,27,0,27,95
20260714,OK,富邦深100ETF期貨,202607,0,81,115,102,115,115
20260714,OK,富邦深100ETF期貨,202607,1,18,0,21,0,115
20260714,OK,富邦深100ETF期貨,999912,0,527,606,567,614,614
20260714,OK,富邦深100ETF期貨,999912,1,466,288,466,292,614
20260714,OL,小型大立光期貨,202607,0,2346,4884,3033,5246,5318
20260714,OL,小型大立光期貨,202607,1,2086,4064,2476,4410,5318
20260714,OL,小型大立光期貨,999912,0,3150,7943,4174,9847,10532
20260714,OL,小型大立光期貨,999912,1,2515,7943,2775,8787,10532
20260714,OM,小型精華期貨,202607,0,41,45,45,45,45
20260714,OM,小型精華期貨,202607,1,31,45,33,45,45
20260714,OM,小型精華期貨,999912,0,41,47,47,48,48
20260714,OM,小型精華期貨,999912,1,33,47,35,47,48
20260714,OO,群益深証中小ETF期貨,202607,0,19,19,19,19,19
20260714,OO,群益深証中小ETF期貨,202607,1,3,0,3,0,19
20260714,OO,群益深証中小ETF期貨,999912,0,109,112,112,112,112
20260714,OO,群益深証中小ETF期貨,999912,1,3,20,3,20,112
20260714,OP,智邦期貨,202607,0,190,239,229,282,297
20260714,OP,智邦期貨,202607,1,85,239,102,282,297
20260714,OP,智邦期貨,999912,0,320,584,435,722,749
20260714,OP,智邦期貨,999912,1,145,584,220,722,749
20260714,OQ,樺漢期貨,202607,0,108,133,118,136,136
20260714,OQ,樺漢期貨,202607,1,100,124,102,124,136
20260714,OQ,樺漢期貨,999912,0,266,330,292,343,346
20260714,OQ,樺漢期貨,999912,1,251,315,251,323,346
20260714,OR,和大期貨,202607,0,104,167,131,174,174
20260714,OR,和大期貨,202607,1,94,160,98,162,174
20260714,OR,和大期貨,999912,0,199,447,282,475,482
20260714,OR,和大期貨,999912,1,57,447,98,466,482
20260714,OS,榮成期貨,202607,0,160,175,193,197,197
20260714,OS,榮成期貨,202607,1,24,175,39,193,197
20260714,OS,榮成期貨,999912,0,224,295,280,346,357
20260714,OS,榮成期貨,999912,1,24,295,35,346,357
20260714,OT,聯亞期貨,202607,0,175,207,188,224,230
20260714,OT,聯亞期貨,202607,1,161,207,163,216,230
20260714,OT,聯亞期貨,999912,0,898,714,979,951,1161
20260714,OT,聯亞期貨,999912,1,275,714,295,951,1161
20260714,OU,同致期貨,202607,0,9,9,9,9,9
20260714,OU,同致期貨,202607,1,0,9,0,9,9
20260714,OU,同致期貨,999912,0,11,11,11,11,11
20260714,OU,同致期貨,999912,1,0,10,0,10,11
20260714,OV,台燿期貨,202607,0,257,514,344,616,686
20260714,OV,台燿期貨,202607,1,214,449,214,526,686
20260714,OV,台燿期貨,999912,0,595,1262,834,1626,1918
20260714,OV,台燿期貨,999912,1,386,1262,421,1561,1918
20260714,OW,環球晶期貨,202607,0,273,382,403,538,749
20260714,OW,環球晶期貨,202607,1,176,382,207,538,749
20260714,OW,環球晶期貨,999912,0,723,1996,1196,2408,3182
20260714,OW,環球晶期貨,999912,1,164,1996,270,2408,3182
20260714,OX,精測期貨,202607,0,29,27,37,35,37
20260714,OX,精測期貨,202607,1,23,24,28,26,37
20260714,OX,精測期貨,999912,0,42,53,62,72,82
20260714,OX,精測期貨,999912,1,28,53,33,66,82
20260714,OY,小型精測期貨,202607,0,672,757,773,859,916
20260714,OY,小型精測期貨,202607,1,606,710,646,812,916
20260714,OY,小型精測期貨,999912,0,894,1181,1029,1336,1437
20260714,OY,小型精測期貨,999912,1,785,1181,805,1289,1437
20260714,OZ,日月光投控期貨,202607,0,545,1050,711,1180,1231
20260714,OZ,日月光投控期貨,202607,1,545,1050,636,1180,1231
20260714,OZ,日月光投控期貨,999912,0,1040,2575,1386,3212,3597
20260714,OZ,日月光投控期貨,999912,1,825,2575,1104,3212,3597
20260714,PA,原相期貨,202607,0,62,128,86,143,147
20260714,PA,原相期貨,202607,1,38,128,38,143,147
20260714,PA,原相期貨,999912,0,96,253,143,288,320
20260714,PA,原相期貨,999912,1,55,253,55,277,320
20260714,PB,小型環球晶期貨,202607,0,2011,3395,2403,3692,4172
20260714,PB,小型環球晶期貨,202607,1,1881,1462,2136,1621,4172
20260714,PB,小型環球晶期貨,999912,0,2922,7371,3579,9256,10391
20260714,PB,小型環球晶期貨,999912,1,2922,4458,3157,6244,10391
20260714,PC,智擎期貨,202607,0,4,4,4,4,4
20260714,PC,智擎期貨,202607,1,1,4,1,4,4
20260714,PC,智擎期貨,999912,0,12,13,13,13,13
20260714,PC,智擎期貨,999912,1,1,13,1,13,13
20260714,PD,泰博期貨,202607,0,1,1,1,1,1
20260714,PD,泰博期貨,202607,1,0,1,0,1,1
20260714,PD,泰博期貨,999912,0,1,1,1,1,1
20260714,PD,泰博期貨,999912,1,0,1,0,1,1
20260714,PE,台半期貨,202607,0,548,1632,692,1796,1926
20260714,PE,台半期貨,202607,1,0,1175,0,1319,1926
20260714,PE,台半期貨,999912,0,1469,4210,2070,4803,5440
20260714,PE,台半期貨,999912,1,0,3753,0,4346,5440
20260714,PF,元大高股息ETF期貨,202607,0,143,170,166,182,183
20260714,PF,元大高股息ETF期貨,202607,1,78,56,78,60,183
20260714,PF,元大高股息ETF期貨,999912,0,239,447,315,503,546
20260714,PF,元大高股息ETF期貨,999912,1,57,331,78,337,546
20260714,PG,台灣高鐵期貨,202607,0,183,190,226,219,233
20260714,PG,台灣高鐵期貨,202607,1,134,119,174,124,233
20260714,PG,台灣高鐵期貨,999912,0,188,216,251,263,286
20260714,PG,台灣高鐵期貨,999912,1,134,145,172,171,286
20260714,PH,祥碩期貨,202607,0,63,124,86,134,135
20260714,PH,祥碩期貨,202607,1,18,121,31,121,135
20260714,PH,祥碩期貨,999912,0,91,270,143,280,281
20260714,PH,祥碩期貨,999912,1,37,267,68,267,281
20260714,PI,力旺期貨,202607,0,28,33,36,38,38
20260714,PI,力旺期貨,202607,1,20,33,22,37,38
20260714,PI,力旺期貨,999912,0,28,36,39,42,44
20260714,PI,力旺期貨,999912,1,20,36,22,40,44
20260714,PJ,台光電期貨,202607,0,116,93,136,137,171
20260714,PJ,台光電期貨,202607,1,107,80,117,124,171
20260714,PJ,台光電期貨,999912,0,189,224,253,320,411
20260714,PJ,台光電期貨,999912,1,130,224,170,320,411
20260714,PK,信昌電期貨,202607,0,585,1048,718,1169,1198
20260714,PK,信昌電期貨,202607,1,272,1048,337,1082,1198
20260714,PK,信昌電期貨,999912,0,770,2018,1039,2505,2762
20260714,PK,信昌電期貨,999912,1,372,2018,372,2505,2762
20260714,PL,合晶期貨,202607,0,2742,3571,3276,3974,5024
20260714,PL,合晶期貨,202607,1,1284,1409,1400,1612,5024
20260714,PL,合晶期貨,999912,0,5256,9550,7348,13608,19497
20260714,PL,合晶期貨,999912,1,1550,7880,1550,11938,19497
20260714,PM,大江期貨,202607,0,7,7,7,7,7
20260714,PM,大江期貨,202607,1,2,7,2,7,7
20260714,PM,大江期貨,999912,0,14,16,16,16,16
20260714,PM,大江期貨,999912,1,2,15,2,15,16
20260714,PN,小型祥碩期貨,202607,0,673,1427,997,1714,1783
20260714,PN,小型祥碩期貨,202607,1,296,1227,296,1392,1783
20260714,PN,小型祥碩期貨,999912,0,736,2654,1072,3261,3566
20260714,PN,小型祥碩期貨,999912,1,359,2274,481,2741,3566
20260714,PP,宣德期貨,202607,0,27,29,31,31,31
20260714,PP,宣德期貨,202607,1,0,24,0,25,31
20260714,PP,宣德期貨,999912,0,73,70,86,89,93
20260714,PP,宣德期貨,999912,1,0,70,0,85,93
20260714,PQ,金居期貨,202607,0,754,1247,836,1274,1279
20260714,PQ,金居期貨,202607,1,682,1247,698,1272,1279
20260714,PQ,金居期貨,999912,0,1299,3037,1637,3211,3279
20260714,PQ,金居期貨,999912,1,803,3037,916,3211,3279
20260714,PR,宏捷科期貨,202607,0,90,217,131,239,242
20260714,PR,宏捷科期貨,202607,1,31,217,41,239,242
20260714,PR,宏捷科期貨,999912,0,90,261,135,319,335
20260714,PR,宏捷科期貨,999912,1,31,261,41,319,335
20260714,PS,神達期貨,202607,0,1076,1185,1157,1409,1481
20260714,PS,神達期貨,202607,1,982,1185,1028,1349,1481
20260714,PS,神達期貨,999912,0,3379,5261,4196,5779,5872
20260714,PS,神達期貨,999912,1,2961,5261,3640,5719,5872
20260714,PT,雙鴻期貨,202607,0,111,207,152,227,232
20260714,PT,雙鴻期貨,202607,1,64,207,90,225,232
20260714,PT,雙鴻期貨,999912,0,577,976,724,1035,1074
20260714,PT,雙鴻期貨,999912,1,74,976,164,1028,1074
20260714,PU,小型聯發科期貨,202607,0,4266,9625,5149,10898,11187
20260714,PU,小型聯發科期貨,202607,1,4003,6556,4726,7412,11187
20260714,PU,小型聯發科期貨,999912,0,6253,19567,7593,22477,24073
20260714,PU,小型聯發科期貨,999912,1,5556,16967,5813,18591,24073
20260714,PV,緯穎期貨,202607,0,262,249,282,286,296
20260714,PV,緯穎期貨,202607,1,231,249,233,275,296
20260714,PV,緯穎期貨,999912,0,853,890,996,1068,1141
20260714,PV,緯穎期貨,999912,1,305,890,327,1068,1141
20260714,PW,小型緯穎期貨,202607,0,2309,2954,2586,3275,3335
20260714,PW,小型緯穎期貨,202607,1,921,2954,1158,3175,3335
20260714,PW,小型緯穎期貨,999912,0,3993,5964,4853,7462,7776
20260714,PW,小型緯穎期貨,999912,1,771,5964,921,7062,7776
20260714,PX,鈊象期貨,202607,0,42,71,53,76,76
20260714,PX,鈊象期貨,202607,1,26,66,31,71,76
20260714,PX,鈊象期貨,999912,0,46,96,63,103,105
20260714,PX,鈊象期貨,999912,1,22,91,29,98,105
20260714,PY,小型鈊象期貨,202607,0,809,1369,974,1503,1517
20260714,PY,小型鈊象期貨,202607,1,643,1369,673,1423,1517
20260714,PY,小型鈊象期貨,999912,0,809,1664,1007,2046,2197
20260714,PY,小型鈊象期貨,999912,1,643,1664,713,1986,2197
20260714,PZ,信驊期貨,202607,0,3,3,3,3,8
20260714,PZ,信驊期貨,202607,1,3,2,3,2,8
20260714,PZ,信驊期貨,999912,0,9,10,12,12,12
20260714,PZ,信驊期貨,999912,1,3,10,5,11,12
20260714,QA,小型信驊期貨,202607,0,77,84,98,119,471
20260714,QA,小型信驊期貨,202607,1,77,42,89,52,471
20260714,QA,小型信驊期貨,999912,0,230,393,342,519,695
20260714,QA,小型信驊期貨,999912,1,159,393,177,519,695
20260714,QB,富采期貨,202607,0,266,627,327,643,646
20260714,QB,富采期貨,202607,1,152,627,187,637,646
20260714,QB,富采期貨,999912,0,486,1125,606,1153,1167
20260714,QB,富采期貨,999912,1,152,1125,198,1142,1167
20260714,QC,裕民期貨,202607,0,184,268,235,300,316
20260714,QC,裕民期貨,202607,1,53,268,64,294,316
20260714,QC,裕民期貨,999912,0,258,379,324,473,528
20260714,QC,裕民期貨,999912,1,41,379,53,473,528
20260714,QD,台勝科期貨,202607,0,165,291,249,344,432
20260714,QD,台勝科期貨,202607,1,56,271,68,290,432
20260714,QD,台勝科期貨,999912,0,527,895,680,1079,1359
20260714,QD,台勝科期貨,999912,1,0,895,56,1052,1359
20260714,QE,小型國巨期貨,202607,0,11032,16977,13711,20501,21652
20260714,QE,小型國巨期貨,202607,1,11032,9021,12297,12545,21652
20260714,QE,小型國巨期貨,999912,0,13873,33590,18108,43896,46406
20260714,QE,小型國巨期貨,999912,1,10243,24170,12810,34476,46406
20260714,QF,小型台積電期貨,202607,0,10590,25238,11486,31511,33956
20260714,QF,小型台積電期貨,202607,1,9729,17085,9923,20782,33956
20260714,QF,小型台積電期貨,999912,0,15001,89592,16997,106782,117231
20260714,QF,小型台積電期貨,999912,1,12027,80955,12027,91146,117231
20260714,QG,小型瑞昱期貨,202607,0,3244,4125,3584,4220,4236
20260714,QG,小型瑞昱期貨,202607,1,1688,4125,1885,4215,4236
20260714,QG,小型瑞昱期貨,999912,0,5145,6976,5672,7311,7434
20260714,QG,小型瑞昱期貨,999912,1,3589,6816,3966,7091,7434
20260714,QH,小型聯詠期貨,202607,0,3153,3351,3344,3747,3937
20260714,QH,小型聯詠期貨,202607,1,2422,2851,2532,3127,3937
20260714,QH,小型聯詠期貨,999912,0,3330,4105,3715,4779,5194
20260714,QH,小型聯詠期貨,999912,1,2555,3605,2801,4159,5194
20260714,QI,小型穩懋期貨,202607,0,4857,7208,5224,7635,7744
20260714,QI,小型穩懋期貨,202607,1,1128,6888,1189,7256,7744
20260714,QI,小型穩懋期貨,999912,0,12996,17122,13613,18357,18906
20260714,QI,小型穩懋期貨,999912,1,8875,17122,9179,18037,18906
20260714,QJ,小型玉晶光期貨,202607,0,1264,1508,1400,1828,1878
20260714,QJ,小型玉晶光期貨,202607,1,1023,1028,1052,1348,1878
20260714,QJ,小型玉晶光期貨,999912,0,1503,1871,1710,2608,2758
20260714,QJ,小型玉晶光期貨,999912,1,1054,1531,1083,2128,2758
20260714,QK,永豐餘期貨,202607,0,137,119,148,146,150
20260714,QK,永豐餘期貨,202607,1,109,119,109,140,150
20260714,QK,永豐餘期貨,999912,0,142,127,159,157,162
20260714,QK,永豐餘期貨,999912,1,103,127,109,148,162
20260714,QL,精材期貨,202607,0,812,1212,1135,1450,1622
20260714,QL,精材期貨,202607,1,557,1212,557,1369,1622
20260714,QL,精材期貨,999912,0,3740,3677,4480,5258,6747
20260714,QL,精材期貨,999912,1,702,3677,986,5258,6747
20260714,QM,小型上銀期貨,202607,0,1185,1491,1279,1717,1723
20260714,QM,小型上銀期貨,202607,1,1150,611,1150,816,1723
20260714,QM,小型上銀期貨,999912,0,1200,1702,1313,2125,2227
20260714,QM,小型上銀期貨,999912,1,1165,801,1165,1224,2227
20260714,QN,小型群聯期貨,202607,0,2862,7546,3833,8660,9014
20260714,QN,小型群聯期貨,202607,1,1930,7546,2555,8459,9014
20260714,QN,小型群聯期貨,999912,0,5223,18875,7203,21035,22452
20260714,QN,小型群聯期貨,999912,1,1650,18875,1930,20455,22452
20260714,QO,長興期貨,202607,0,1123,1067,1176,1340,4031
20260714,QO,長興期貨,202607,1,1063,863,1073,1009,4031
20260714,QO,長興期貨,999912,0,3039,4813,4022,5390,5764
20260714,QO,長興期貨,999912,1,1496,4592,2114,4966,5764
20260714,QP,正隆期貨,202607,0,161,147,161,161,161
20260714,QP,正隆期貨,202607,1,141,147,141,156,161
20260714,QP,正隆期貨,999912,0,280,250,301,296,301
20260714,QP,正隆期貨,999912,1,140,250,141,293,301
20260714,QQ,僑威期貨,202607,0,57,71,69,71,71
20260714,QQ,僑威期貨,202607,1,28,29,30,29,71
20260714,QQ,僑威期貨,999912,0,68,103,88,104,104
20260714,QQ,僑威期貨,999912,1,33,38,44,38,104
20260714,QR,小型華碩期貨,202607,0,1788,2319,2009,2432,2455
20260714,QR,小型華碩期貨,202607,1,1688,843,1788,926,2455
20260714,QR,小型華碩期貨,999912,0,2031,2692,2331,3223,3365
20260714,QR,小型華碩期貨,999912,1,1931,899,2031,1430,3365
20260714,QS,小型南電期貨,202607,0,3598,5152,4222,5592,5953
20260714,QS,小型南電期貨,202607,1,3308,1672,3722,2087,5953
20260714,QS,小型南電期貨,999912,0,4718,10457,5727,11306,12556
20260714,QS,小型南電期貨,999912,1,4091,6716,4425,7565,12556
20260714,QT,超豐期貨,202607,0,248,406,282,407,407
20260714,QT,超豐期貨,202607,1,113,406,120,406,407
20260714,QT,超豐期貨,999912,0,787,1349,953,1380,1389
20260714,QT,超豐期貨,999912,1,76,1349,102,1380,1389
20260714,QU,南茂期貨,202607,0,712,1427,892,1568,1629
20260714,QU,南茂期貨,202607,1,365,972,396,1082,1629
20260714,QU,南茂期貨,999912,0,1363,3260,1988,4329,5175
20260714,QU,南茂期貨,999912,1,693,2805,855,3874,5175
20260714,QV,光罩期貨,202607,0,133,188,152,197,198
20260714,QV,光罩期貨,202607,1,85,188,91,191,198
20260714,QV,光罩期貨,999912,0,153,283,205,304,310
20260714,QV,光罩期貨,999912,1,67,283,91,301,310
20260714,QW,威盛期貨,202607,0,511,819,645,835,839
20260714,QW,威盛期貨,202607,1,298,800,370,812,839
20260714,QW,威盛期貨,999912,0,575,1343,839,1399,1424
20260714,QW,威盛期貨,999912,1,324,1324,430,1372,1424
20260714,QX,萬海期貨,202607,0,194,550,296,616,624
20260714,QX,萬海期貨,202607,1,32,550,32,616,624
20260714,QX,萬海期貨,999912,0,1342,2662,1635,2760,2790
20260714,QX,萬海期貨,999912,1,893,2662,893,2740,2790
20260714,QY,高端疫苗期貨,202607,0,117,128,133,139,141
20260714,QY,高端疫苗期貨,202607,1,89,26,89,37,141
20260714,QY,高端疫苗期貨,999912,0,734,769,891,958,1000
20260714,QY,高端疫苗期貨,999912,1,149,616,149,637,1000
20260714,QZ,力積電期貨,202607,0,1433,4736,1924,5476,6014
20260714,QZ,力積電期貨,202607,1,933,4736,933,5476,6014
20260714,QZ,力積電期貨,999912,0,6785,14671,8217,16974,19429
20260714,QZ,力積電期貨,999912,1,598,14671,933,16974,19429
20260714,RA,奇鋐期貨,202607,0,141,164,178,226,253
20260714,RA,奇鋐期貨,202607,1,130,164,130,218,253
20260714,RA,奇鋐期貨,999912,0,382,540,516,733,873
20260714,RA,奇鋐期貨,999912,1,136,540,198,733,873
20260714,RB,中磊期貨,202607,0,170,200,199,236,243
20260714,RB,中磊期貨,202607,1,57,175,57,208,243
20260714,RB,中磊期貨,999912,0,299,496,395,559,593
20260714,RB,中磊期貨,999912,1,67,471,67,534,593
20260714,RC,漢翔期貨,202607,0,186,360,239,403,430
20260714,RC,漢翔期貨,202607,1,99,360,126,368,430
20260714,RC,漢翔期貨,999912,0,211,786,327,941,1092
20260714,RC,漢翔期貨,999912,1,46,786,118,941,1092
20260714,RD,中天期貨,202607,0,41,70,59,70,70
20260714,RD,中天期貨,202607,1,9,70,15,70,70
20260714,RD,中天期貨,999912,0,50,112,84,118,118
20260714,RD,中天期貨,999912,1,9,112,15,118,118
20260714,RE,新唐期貨,202607,0,984,1706,1100,1773,1807
20260714,RE,新唐期貨,202607,1,707,1654,751,1680,1807
20260714,RE,新唐期貨,999912,0,1511,3965,1864,4200,4312
20260714,RE,新唐期貨,999912,1,1339,3965,1547,4101,4312
20260714,RF,小型嘉澤期貨,202607,0,834,1011,993,1160,1210
20260714,RF,小型嘉澤期貨,202607,1,774,1011,774,1160,1210
20260714,RF,小型嘉澤期貨,999912,0,853,1356,1082,1567,1711
20260714,RF,小型嘉澤期貨,999912,1,791,1356,791,1527,1711
20260714,RG,小型健策期貨,202607,0,901,2040,1311,2266,2309
20260714,RG,小型健策期貨,202607,1,262,2040,470,2266,2309
20260714,RG,小型健策期貨,999912,0,914,2342,1379,2934,3118
20260714,RG,小型健策期貨,999912,1,275,2342,492,2934,3118
20260714,RHF,美元兌人民幣期貨,202608,0,0,0,0,0,0
20260714,RHF,美元兌人民幣期貨,202608,1,0,0,0,0,0
20260714,RHF,美元兌人民幣期貨,999912,0,121,121,121,121,121
20260714,RHF,美元兌人民幣期貨,999912,1,0,0,0,0,121
20260714,RI,國泰永續高股息ETF期貨,202607,0,287,311,301,312,312
20260714,RI,國泰永續高股息ETF期貨,202607,1,181,308,184,308,312
20260714,RI,國泰永續高股息ETF期貨,999912,0,406,596,501,631,638
20260714,RI,國泰永續高股息ETF期貨,999912,1,181,454,181,454,638
20260714,RJ,大亞期貨,202607,0,111,171,144,186,186
20260714,RJ,大亞期貨,202607,1,66,165,73,176,186
20260714,RJ,大亞期貨,999912,0,150,322,199,352,364
20260714,RJ,大亞期貨,999912,1,58,298,77,322,364
20260714,RK,金像電期貨,202607,0,254,263,311,347,410
20260714,RK,金像電期貨,202607,1,202,263,221,347,410
20260714,RK,金像電期貨,999912,0,617,600,685,819,955
20260714,RK,金像電期貨,999912,1,488,600,488,819,955
20260714,RL,元晶期貨,202609,0,497,1049,608,1083,1104
20260714,RL,元晶期貨,202609,1,198,837,223,849,1104
20260714,RL,元晶期貨,999912,0,497,1049,610,1088,1118
20260714,RL,元晶期貨,999912,1,198,837,225,855,1118
20260714,RN,合一期貨,202607,0,52,83,69,88,88
20260714,RN,合一期貨,202607,1,8,76,13,76,88
20260714,RN,合一期貨,999912,0,86,175,120,193,195
20260714,RN,合一期貨,999912,1,0,175,8,182,195
20260714,RO,立端期貨,202607,0,3,3,3,3,3
20260714,RO,立端期貨,202607,1,1,3,1,3,3
20260714,RO,立端期貨,999912,0,7,8,8,8,8
20260714,RO,立端期貨,999912,1,1,8,1,8,8
20260714,RP,寶雅期貨,202607,0,1,1,1,1,1
20260714,RP,寶雅期貨,202607,1,0,1,0,1,1
20260714,RP,寶雅期貨,999912,0,5,5,5,5,5
20260714,RP,寶雅期貨,999912,1,0,5,0,5,5
20260714,RR,小型寶雅期貨,202607,0,49,50,56,56,56
20260714,RR,小型寶雅期貨,202607,1,13,45,14,47,56
20260714,RR,小型寶雅期貨,999912,0,52,61,66,68,68
20260714,RR,小型寶雅期貨,999912,1,13,55,13,57,68
20260714,RS,小型力旺期貨,202607,0,587,974,731,1033,1045
20260714,RS,小型力旺期貨,202607,1,587,934,614,978,1045
20260714,RS,小型力旺期貨,999912,0,873,1445,1194,1741,1822
20260714,RS,小型力旺期貨,999912,1,556,1313,602,1569,1822
20260714,RTF,小型美元兌人民幣期貨,202608,0,2,2,2,2,2
20260714,RTF,小型美元兌人民幣期貨,202608,1,0,0,0,0,2
20260714,RTF,小型美元兌人民幣期貨,999912,0,59,59,59,59,59
20260714,RTF,小型美元兌人民幣期貨,999912,1,0,0,0,0,59
20260714,RU,世紀鋼期貨,202607,0,134,305,178,308,308
20260714,RU,世紀鋼期貨,202607,1,50,298,58,300,308
20260714,RU,世紀鋼期貨,999912,0,226,507,294,528,537
20260714,RU,世紀鋼期貨,999912,1,50,480,50,494,537
20260714,RV,小型台達電期貨,202607,0,6327,10806,7195,11675,11773
20260714,RV,小型台達電期貨,202607,1,6327,4066,7195,4881,11773
20260714,RV,小型台達電期貨,999912,0,6590,17204,7588,19486,20205
20260714,RV,小型台達電期貨,999912,1,6590,10744,7408,12626,20205
20260714,RW,小型創意期貨,202607,0,1167,2445,1457,2701,2777
20260714,RW,小型創意期貨,202607,1,1092,2445,1145,2681,2777
20260714,RW,小型創意期貨,999912,0,1475,4454,1907,5508,5830
20260714,RW,小型創意期貨,999912,1,1159,4454,1159,5288,5830
20260714,RX,富邦越南ETF期貨,202607,0,9,9,9,9,9
20260714,RX,富邦越南ETF期貨,202607,1,2,9,2,9,9
20260714,RX,富邦越南ETF期貨,999912,0,20,26,26,26,26
20260714,RX,富邦越南ETF期貨,999912,1,2,19,3,19,26
20260714,RY,群益台ESG低碳50ETF期貨,202607,0,102,102,102,102,102
20260714,RY,群益台ESG低碳50ETF期貨,202607,1,28,96,28,96,102
20260714,RY,群益台ESG低碳50ETF期貨,999912,0,105,106,106,106,106
20260714,RY,群益台ESG低碳50ETF期貨,999912,1,29,97,29,97,106
20260714,RZ,元大美債20年ETF期貨,202607,0,2214,1913,2279,2438,2509
20260714,RZ,元大美債20年ETF期貨,202607,1,0,1913,0,2438,2509
20260714,RZ,元大美債20年ETF期貨,999912,0,13137,15305,13702,16483,17036
20260714,RZ,元大美債20年ETF期貨,999912,1,4856,15305,5025,16237,17036
20260714,SA,美時期貨,202607,0,53,191,82,191,191
20260714,SA,美時期貨,202607,1,10,189,15,189,191
20260714,SA,美時期貨,999912,0,140,418,196,424,424
20260714,SA,美時期貨,999912,1,29,418,39,420,424
20260714,SB,華紙期貨,202607,0,395,544,443,550,550
20260714,SB,華紙期貨,202607,1,298,544,311,544,550
20260714,SB,華紙期貨,999912,0,520,758,591,775,775
20260714,SB,華紙期貨,999912,1,285,758,314,768,775
20260714,SC,小型聚陽期貨,202607,0,402,621,483,659,659
20260714,SC,小型聚陽期貨,202607,1,223,321,239,355,659
20260714,SC,小型聚陽期貨,999912,0,409,808,519,907,908
20260714,SC,小型聚陽期貨,999912,1,189,541,223,604,908
20260714,SD,中興電期貨,202607,0,582,1344,768,1372,1376
20260714,SD,中興電期貨,202607,1,352,1344,440,1370,1376
20260714,SD,中興電期貨,999912,0,742,1961,990,2050,2103
20260714,SD,中興電期貨,999912,1,414,1961,612,2034,2103
20260714,SE,小型智邦期貨,202607,0,2216,2977,2589,3301,3456
20260714,SE,小型智邦期貨,202607,1,2216,2497,2376,2701,3456
20260714,SE,小型智邦期貨,999912,0,2256,3788,2853,5039,5438
20260714,SE,小型智邦期貨,999912,1,2256,3308,2428,4439,5438
20260714,SF,小型台光電期貨,202607,0,786,1238,977,1633,1806
20260714,SF,小型台光電期貨,202607,1,526,1238,652,1573,1806
20260714,SF,小型台光電期貨,999912,0,947,2253,1268,3081,3701
20260714,SF,小型台光電期貨,999912,1,495,2253,652,2921,3701
20260714,SG,國泰智能電動車ETF期貨,202607,0,6,6,6,6,6
20260714,SG,國泰智能電動車ETF期貨,202607,1,2,0,2,0,6
20260714,SG,國泰智能電動車ETF期貨,999912,0,8,8,8,8,8
20260714,SG,國泰智能電動車ETF期貨,999912,1,2,1,2,1,8
20260714,SHF,航運期貨,202607,0,7,7,7,7,7
20260714,SHF,航運期貨,202607,1,6,0,6,0,7
20260714,SHF,航運期貨,999912,0,7,7,7,7,7
20260714,SHF,航運期貨,999912,1,6,0,6,0,7
20260714,SI,元大美債1-3ETF期貨,202607,0,216,217,217,217,217
20260714,SI,元大美債1-3ETF期貨,202607,1,4,182,4,182,217
20260714,SI,元大美債1-3ETF期貨,999912,0,234,238,246,246,249
20260714,SI,元大美債1-3ETF期貨,999912,1,0,206,6,210,249
20260714,SJ,神基期貨,202607,0,113,145,137,158,159
20260714,SJ,神基期貨,202607,1,97,145,107,157,159
20260714,SJ,神基期貨,999912,0,153,312,201,331,341
20260714,SJ,神基期貨,999912,1,87,312,97,331,341
20260714,SK,至上期貨,202607,0,487,381,536,523,1738
20260714,SK,至上期貨,202607,1,351,219,361,351,1738
20260714,SK,至上期貨,999912,0,852,1456,1294,1835,2511
20260714,SK,至上期貨,999912,1,510,1456,698,1624,2511
20260714,SL,小型技嘉期貨,202607,0,912,1423,1016,1439,1442
20260714,SL,小型技嘉期貨,202607,1,912,903,912,908,1442
20260714,SL,小型技嘉期貨,999912,0,1437,2377,1597,2413,2426
20260714,SL,小型技嘉期貨,999912,1,1437,1816,1502,1821,2426
20260714,SM,群益台灣精選高息ETF期貨,202607,0,312,395,351,409,409
20260714,SM,群益台灣精選高息ETF期貨,202607,1,95,167,95,178,409
20260714,SM,群益台灣精選高息ETF期貨,999912,0,355,590,467,719,738
20260714,SM,群益台灣精選高息ETF期貨,999912,1,95,273,95,295,738
20260714,SN,復華台灣科技優息ETF期貨,202607,0,205,247,228,253,253
20260714,SN,復華台灣科技優息ETF期貨,202607,1,28,45,28,45,253
20260714,SN,復華台灣科技優息ETF期貨,999912,0,263,350,296,388,394
20260714,SN,復華台灣科技優息ETF期貨,999912,1,23,83,23,93,394
20260714,SOF,半導體30期貨,202607,0,32,46,40,47,47
20260714,SOF,半導體30期貨,202607,1,12,4,12,4,47
20260714,SOF,半導體30期貨,999912,0,72,78,83,95,97
20260714,SOF,半導體30期貨,999912,1,12,30,12,30,97
20260714,SPF,美國標普500期貨,202609,0,79,92,87,93,93
20260714,SPF,美國標普500期貨,202609,1,26,42,26,42,93
20260714,SPF,美國標普500期貨,999912,0,84,96,92,98,98
20260714,SPF,美國標普500期貨,999912,1,26,46,26,47,98
20260714,SQ,中信高評級公司債ETF期貨,202607,0,0,0,0,0,0
20260714,SQ,中信高評級公司債ETF期貨,202607,1,0,0,0,0,0
20260714,SQ,中信高評級公司債ETF期貨,999912,0,0,0,0,0,0
20260714,SQ,中信高評級公司債ETF期貨,999912,1,0,0,0,0,0
20260714,SR,小型元大台灣50ETF期貨,202607,0,4394,9316,4685,9857,10181
20260714,SR,小型元大台灣50ETF期貨,202607,1,3523,751,3523,1132,10181
20260714,SR,小型元大台灣50ETF期貨,999912,0,4687,20866,5336,23118,24736
20260714,SR,小型元大台灣50ETF期貨,999912,1,3523,8829,3523,10154,24736
20260714,SS,小型元大高股息ETF期貨,202607,0,171,196,186,208,211
20260714,SS,小型元大高股息ETF期貨,202607,1,46,0,46,2,211
20260714,SS,小型元大高股息ETF期貨,999912,0,234,397,300,463,514
20260714,SS,小型元大高股息ETF期貨,999912,1,40,51,40,88,514
20260714,SU,元大台灣價值高息ETF期貨,202607,0,208,156,210,193,210
20260714,SU,元大台灣價值高息ETF期貨,202607,1,0,156,0,160,210
20260714,SU,元大台灣價值高息ETF期貨,999912,0,302,184,314,239,321
20260714,SU,元大台灣價值高息ETF期貨,999912,1,71,122,73,156,321
20260714,SV,小型川湖期貨,202607,0,372,382,476,527,588
20260714,SV,小型川湖期貨,202607,1,122,322,159,407,588
20260714,SV,小型川湖期貨,999912,0,486,531,611,751,893
20260714,SV,小型川湖期貨,999912,1,122,531,159,651,893
20260714,SW,小型世紀鋼期貨,202607,0,415,601,476,602,602
20260714,SW,小型世紀鋼期貨,202607,1,280,221,298,222,602
20260714,SW,小型世紀鋼期貨,999912,0,415,663,482,690,692
20260714,SW,小型世紀鋼期貨,999912,1,280,283,298,302,692
20260714,SXF,美國費城半導體期貨,202609,0,445,598,512,624,636
20260714,SXF,美國費城半導體期貨,202609,1,294,218,306,218,636
20260714,SXF,美國費城半導體期貨,999912,0,445,600,512,626,638
20260714,SXF,美國費城半導體期貨,999912,1,294,218,306,218,638
20260714,SY,家登期貨,202607,0,70,79,89,110,117
20260714,SY,家登期貨,202607,1,42,79,45,104,117
20260714,SY,家登期貨,999912,0,87,132,133,200,238
20260714,SY,家登期貨,999912,1,43,132,43,185,238
20260714,SZ,小型家登期貨,202607,0,998,1565,1303,1670,1697
20260714,SZ,小型家登期貨,202607,1,858,1245,988,1336,1697
20260714,SZ,小型家登期貨,999912,0,1185,2209,1598,2574,2735
20260714,SZ,小型家登期貨,999912,1,1045,1809,1143,2174,2735
20260714,TE,電子期貨,202607,0,176,223,205,257,289
20260714,TE,電子期貨,202607,1,120,173,126,197,289
20260714,TE,電子期貨,999912,0,323,422,420,514,646
20260714,TE,電子期貨,999912,1,248,422,298,442,646
20260714,TF,金融期貨,202607,0,80,191,120,211,231
20260714,TF,金融期貨,202607,1,44,154,52,154,231
20260714,TF,金融期貨,999912,0,165,293,238,379,461
20260714,TF,金融期貨,999912,1,91,293,142,342,461
20260714,TGF,臺幣黃金期貨,202608,0,892,2002,1302,2044,2045
20260714,TGF,臺幣黃金期貨,202608,1,0,1562,0,1562,2045
20260714,TGF,臺幣黃金期貨,999912,0,1142,2438,1632,2487,2491
20260714,TGF,臺幣黃金期貨,999912,1,0,1996,0,1996,2491
20260714,TJF,東證期貨,202608,0,101,112,108,115,115
20260714,TJF,東證期貨,202608,1,0,17,0,17,115
20260714,TJF,東證期貨,999912,0,119,134,129,139,139
20260714,TJF,東證期貨,999912,1,12,17,12,17,139
20260714,TX,臺股期貨(TX+MTX/4),202607,0,8208,9153,10388,13379,25432
20260714,TX,臺股期貨(TX+MTX/4),666666,0,6,6,6,6,6
20260714,TX,臺股期貨(TX+MTX/4),666666,1,0,0,0,0,6
20260714,TX,臺股期貨(TX+MTX/4),202607,1,6171,9153,7648,11706,25432
20260714,TX,臺股期貨(TX+MTX/4),999912,0,72469,61283,83986,83458,126091
20260714,TX,臺股期貨(TX+MTX/4),999912,1,68474,61283,79991,83458,126091
20260714,UA,士電期貨,202607,0,109,279,136,286,286
20260714,UA,士電期貨,202607,1,21,279,26,283,286
20260714,UA,士電期貨,999912,0,133,484,189,503,505
20260714,UA,士電期貨,999912,1,13,484,21,492,505
20260714,UB,亞翔期貨,202607,0,193,217,244,314,323
20260714,UB,亞翔期貨,202607,1,100,217,100,314,323
20260714,UB,亞翔期貨,999912,0,205,272,288,453,507
20260714,UB,亞翔期貨,999912,1,83,272,101,453,507
20260714,UC,廣明期貨,202607,0,91,113,101,119,119
20260714,UC,廣明期貨,202607,1,29,113,30,118,119
20260714,UC,廣明期貨,999912,0,106,160,136,176,180
20260714,UC,廣明期貨,999912,1,29,160,34,173,180
20260714,UDF,美國道瓊期貨,202609,0,215,125,228,152,232
20260714,UDF,美國道瓊期貨,202609,1,164,91,164,91,232
20260714,UDF,美國道瓊期貨,999912,0,215,125,233,153,240
20260714,UDF,美國道瓊期貨,999912,1,164,91,170,91,240
20260714,UE,上海商銀期貨,202607,0,14,15,15,15,15
20260714,UE,上海商銀期貨,202607,1,4,12,4,12,15
20260714,UE,上海商銀期貨,999912,0,29,37,39,41,41
20260714,UE,上海商銀期貨,999912,1,4,35,7,36,41
20260714,UF,台塑化期貨,202607,0,271,365,317,406,414
20260714,UF,台塑化期貨,202607,1,131,365,131,394,414
20260714,UF,台塑化期貨,999912,0,442,733,533,843,875
20260714,UF,台塑化期貨,999912,1,192,733,209,823,875
20260714,UG,達發期貨,202607,0,5,5,5,5,5
20260714,UG,達發期貨,202607,1,4,4,4,4,5
20260714,UG,達發期貨,999912,0,6,6,6,6,6
20260714,UG,達發期貨,999912,1,4,5,4,5,6
20260714,UH,小型奇鋐期貨,202607,0,1238,1893,1553,2389,2504
20260714,UH,小型奇鋐期貨,202607,1,1078,1893,1149,2289,2504
20260714,UH,小型奇鋐期貨,999912,0,1394,3875,1912,4655,5060
20260714,UH,小型奇鋐期貨,999912,1,1009,3875,1264,4535,5060
20260714,UI,小型達發期貨,202607,0,115,190,153,194,194
20260714,UI,小型達發期貨,202607,1,51,190,67,191,194
20260714,UI,小型達發期貨,999912,0,215,395,272,402,402
20260714,UI,小型達發期貨,999912,1,51,395,61,397,402
20260714,UJ,群益ESG投等債20+ETF期貨,202607,0,173,175,182,184,184
20260714,UJ,群益ESG投等債20+ETF期貨,202607,1,18,102,18,107,184
20260714,UJ,群益ESG投等債20+ETF期貨,999912,0,827,1805,1167,1831,1831
20260714,UJ,群益ESG投等債20+ETF期貨,999912,1,100,977,100,984,1831
20260714,UK,國泰20年美債ETF期貨,202607,0,10,10,10,10,10
20260714,UK,國泰20年美債ETF期貨,202607,1,0,7,0,7,10
20260714,UK,國泰20年美債ETF期貨,999912,0,47,46,49,49,49
20260714,UK,國泰20年美債ETF期貨,999912,1,21,17,21,17,49
20260714,UL,小型雙鴻期貨,202607,0,783,1664,942,1806,1898
20260714,UL,小型雙鴻期貨,202607,1,690,664,720,746,1898
20260714,UL,小型雙鴻期貨,999912,0,1184,3514,1535,3993,4224
20260714,UL,小型雙鴻期貨,999912,1,744,2554,824,2973,4224
20260714,UM,世芯-KY期貨,202607,0,133,141,146,156,157
20260714,UM,世芯-KY期貨,202607,1,110,90,117,105,157
20260714,UM,世芯-KY期貨,999912,0,186,238,224,262,267
20260714,UM,世芯-KY期貨,999912,1,153,187,176,211,267
20260714,UNF,美國那斯達克100期貨,202609,0,323,594,463,655,731
20260714,UNF,美國那斯達克100期貨,202609,1,0,303,20,316,731
20260714,UNF,美國那斯達克100期貨,999912,0,323,594,467,671,769
20260714,UNF,美國那斯達克100期貨,999912,1,0,303,0,339,769
20260714,UO,小型世芯-KY期貨,202607,0,1220,2548,1459,2659,2745
20260714,UO,小型世芯-KY期貨,202607,1,1089,2088,1246,2129,2745
20260714,UO,小型世芯-KY期貨,999912,0,1578,4206,2135,5174,5497
20260714,UO,小型世芯-KY期貨,999912,1,1083,3746,1193,4714,5497
20260714,UP,保瑞期貨,202607,0,23,26,27,27,27
20260714,UP,保瑞期貨,202607,1,8,25,8,26,27
20260714,UP,保瑞期貨,999912,0,412,431,427,436,436
20260714,UP,保瑞期貨,999912,1,7,431,12,434,436
20260714,UQ,小型保瑞期貨,202607,0,236,335,284,420,425
20260714,UQ,小型保瑞期貨,202607,1,165,295,165,375,425
20260714,UQ,小型保瑞期貨,999912,0,284,486,366,621,646
20260714,UQ,小型保瑞期貨,999912,1,165,446,165,581,646
20260714,UR,統一FANG+ETF期貨,202607,0,1,1,1,1,1
20260714,UR,統一FANG+ETF期貨,202607,1,0,1,0,1,1
20260714,UR,統一FANG+ETF期貨,999912,0,3,3,3,3,3
20260714,UR,統一FANG+ETF期貨,999912,1,0,3,0,3,3
20260714,US,小型統一FANG+ETF期貨,202607,0,16,16,16,16,16
20260714,US,小型統一FANG+ETF期貨,202607,1,10,12,10,12,16
20260714,US,小型統一FANG+ETF期貨,999912,0,27,28,29,29,29
20260714,US,小型統一FANG+ETF期貨,999912,1,11,22,11,22,29
20260714,UT,一詮期貨,202607,0,484,490,528,608,671
20260714,UT,一詮期貨,202607,1,28,458,28,558,671
20260714,UT,一詮期貨,999912,0,805,962,954,1239,1426
20260714,UT,一詮期貨,999912,1,121,962,121,1207,1426
20260714,UU,台灣虎航期貨,202607,0,145,205,169,212,212
20260714,UU,台灣虎航期貨,202607,1,0,202,6,205,212
20260714,UU,台灣虎航期貨,999912,0,175,259,208,268,271
20260714,UU,台灣虎航期貨,999912,1,21,259,27,263,271
20260714,UV,旺矽期貨,202607,0,26,25,31,31,31
20260714,UV,旺矽期貨,202607,1,3,25,5,29,31
20260714,UV,旺矽期貨,999912,0,40,39,49,53,58
20260714,UV,旺矽期貨,999912,1,20,39,21,53,58
20260714,UW,小型旺矽期貨,202607,0,359,731,510,861,926
20260714,UW,小型旺矽期貨,202607,1,180,511,205,621,926
20260714,UW,小型旺矽期貨,999912,0,1666,1952,1883,2609,2930
20260714,UW,小型旺矽期貨,999912,1,183,1952,221,2389,2930
20260714,UX,華泰期貨,202607,0,142,196,181,253,278
20260714,UX,華泰期貨,202607,1,10,141,27,190,278
20260714,UX,華泰期貨,999912,0,377,694,534,862,931
20260714,UX,華泰期貨,999912,1,143,639,143,807,931
20260714,UY,良維期貨,202607,0,275,459,332,459,459
20260714,UY,良維期貨,202607,1,229,456,253,456,459
20260714,UY,良維期貨,999912,0,402,855,481,860,863
20260714,UY,良維期貨,999912,1,247,846,262,849,863
20260714,UZ,小型漢唐期貨,202607,0,1886,2396,2107,3140,3310
20260714,UZ,小型漢唐期貨,202607,1,1766,2156,1821,2660,3310
20260714,UZ,小型漢唐期貨,999912,0,1893,3486,2194,4542,5104
20260714,UZ,小型漢唐期貨,999912,1,1773,3486,1828,3922,5104
20260714,VA,華榮期貨,202607,0,40,46,47,51,51
20260714,VA,華榮期貨,202607,1,0,46,1,51,51
20260714,VA,華榮期貨,999912,0,52,65,62,72,72
20260714,VA,華榮期貨,999912,1,0,65,0,72,72
20260714,VB,燿華期貨,202607,0,531,853,615,882,906
20260714,VB,燿華期貨,202607,1,501,788,547,788,906
20260714,VB,燿華期貨,999912,0,1503,2268,1774,2321,2414
20260714,VB,燿華期貨,999912,1,1243,2184,1430,2195,2414
20260714,VC,建準期貨,202607,0,38,82,52,83,83
20260714,VC,建準期貨,202607,1,16,82,22,83,83
20260714,VC,建準期貨,999912,0,74,144,96,164,165
20260714,VC,建準期貨,999912,1,16,144,16,164,165
20260714,VD,小型致茂期貨,202607,0,735,930,874,1077,1155
20260714,VD,小型致茂期貨,202607,1,610,930,693,1058,1155
20260714,VD,小型致茂期貨,999912,0,817,1597,1064,1866,2048
20260714,VD,小型致茂期貨,999912,1,616,1597,724,1866,2048
20260714,VE,貿聯-KY期貨,202607,0,56,95,78,108,108
20260714,VE,貿聯-KY期貨,202607,1,49,95,58,100,108
20260714,VE,貿聯-KY期貨,999912,0,197,213,263,307,385
20260714,VE,貿聯-KY期貨,999912,1,26,213,37,307,385
20260714,VF,小型貿聯-KY期貨,202607,0,1087,1686,1272,2100,2242
20260714,VF,小型貿聯-KY期貨,202607,1,230,1686,300,1980,2242
20260714,VF,小型貿聯-KY期貨,999912,0,1860,2772,2324,3683,4441
20260714,VF,小型貿聯-KY期貨,999912,1,540,2772,630,3543,4441
20260714,VG,小型金像電期貨,202607,0,1308,2001,1425,2231,2406
20260714,VG,小型金像電期貨,202607,1,1308,1561,1332,1751,2406
20260714,VG,小型金像電期貨,999912,0,1364,3314,1566,3839,4273
20260714,VG,小型金像電期貨,999912,1,1364,2854,1404,3379,4273
20260714,VH,富邦科技ETF期貨,202607,0,52,52,55,55,55
20260714,VH,富邦科技ETF期貨,202607,1,0,48,0,51,55
20260714,VH,富邦科技ETF期貨,999912,0,372,369,391,414,414
20260714,VH,富邦科技ETF期貨,999912,1,300,349,303,388,414
20260714,VI,研華期貨,202607,0,17,23,22,30,30
20260714,VI,研華期貨,202607,1,1,20,1,27,30
20260714,VI,研華期貨,999912,0,51,59,60,77,77
20260714,VI,研華期貨,999912,1,0,59,1,74,77
20260714,VJ,小型順達期貨,202607,0,1140,1487,1278,1555,1563
20260714,VJ,小型順達期貨,202607,1,116,1367,129,1398,1563
20260714,VJ,小型順達期貨,999912,0,1263,2054,1488,2222,2296
20260714,VJ,小型順達期貨,999912,1,116,1794,116,1932,2296
20260714,VK,小型亞翔期貨,202607,0,1244,1787,1409,1889,1893
20260714,VK,小型亞翔期貨,202607,1,1092,457,1170,493,1893
20260714,VK,小型亞翔期貨,999912,0,1265,2470,1461,2718,2772
20260714,VK,小型亞翔期貨,999912,1,1092,1210,1170,1349,2772
20260714,XAF,澳幣兌美元期貨,202609,0,11,11,11,11,11
20260714,XAF,澳幣兌美元期貨,202609,1,6,4,6,4,11
20260714,XAF,澳幣兌美元期貨,999912,0,36,36,36,36,36
20260714,XAF,澳幣兌美元期貨,999912,1,31,4,31,4,36
20260714,XBF,英鎊兌美元期貨,202609,0,25,25,25,25,25
20260714,XBF,英鎊兌美元期貨,202609,1,25,0,25,0,25
20260714,XBF,英鎊兌美元期貨,999912,0,25,25,25,25,25
20260714,XBF,英鎊兌美元期貨,999912,1,25,0,25,0,25
20260714,XEF,歐元兌美元期貨,202609,0,81,81,81,81,81
20260714,XEF,歐元兌美元期貨,202609,1,60,49,60,49,81
20260714,XEF,歐元兌美元期貨,999912,0,96,96,96,96,96
20260714,XEF,歐元兌美元期貨,999912,1,60,49,60,49,96
20260714,XIF,非金電期貨,202607,0,585,579,585,585,585
20260714,XIF,非金電期貨,202607,1,404,8,404,8,585
20260714,XIF,非金電期貨,999912,0,1135,975,1156,1155,1157
20260714,XIF,非金電期貨,999912,1,407,60,420,107,1157
20260714,XJF,美元兌日圓期貨,202609,0,595,268,596,387,596
20260714,XJF,美元兌日圓期貨,202609,1,577,50,577,50,596
20260714,XJF,美元兌日圓期貨,999912,0,625,283,628,407,628
20260714,XJF,美元兌日圓期貨,999912,1,580,50,580,50,628
