日期,契約,商品名稱(契約名稱),到期月份(週別),交易人類別,前五大交易人買方數量,前五大交易人賣方數量,前十大交易人買方數量,前十大交易人賣方數量,全市場未沖銷部位數
20260929,BRF,布蘭特原油期貨,202611,0,133,48,133,74,133
20260929,BRF,布蘭特原油期貨,202611,1,0,0,0,0,133
20260929,BRF,布蘭特原油期貨,999912,0,161,58,166,88,166
20260929,BRF,布蘭特原油期貨,999912,1,0,0,0,0,166
20260929,BTF,臺灣生技期貨,202610,0,6,6,6,6,6
20260929,BTF,臺灣生技期貨,202610,1,0,0,0,0,6
20260929,BTF,臺灣生技期貨,999912,0,6,6,6,6,6
20260929,BTF,臺灣生技期貨,999912,1,0,0,0,0,6
20260929,CA,南亞期貨,202610,0,3534,6446,4906,9032,10468
20260929,CA,南亞期貨,202610,1,3534,6446,3918,9032,10468
20260929,CA,南亞期貨,999912,0,3873,6568,5245,9278,11124
20260929,CA,南亞期貨,999912,1,3873,6568,4257,9278,11124
20260929,CB,中鋼期貨,202610,0,1017,2175,1340,2390,2439
20260929,CB,中鋼期貨,202610,1,558,2175,691,2390,2439
20260929,CB,中鋼期貨,999912,0,1074,2227,1427,2486,2554
20260929,CB,中鋼期貨,999912,1,558,2227,691,2486,2554
20260929,CC,聯電期貨,202610,0,28290,49601,38942,71036,90659
20260929,CC,聯電期貨,202610,1,0,49601,0,71036,90659
20260929,CC,聯電期貨,999912,0,28290,50471,40183,72629,95995
20260929,CC,聯電期貨,999912,1,0,50471,5091,72629,95995
20260929,CD,台積電期貨,202610,0,12013,9670,13203,14566,24942
20260929,CD,台積電期貨,202610,1,8425,9670,8628,14566,24942
20260929,CD,台積電期貨,999912,0,13669,11372,15286,17823,31684
20260929,CD,台積電期貨,999912,1,10081,11372,10081,17823,31684
20260929,CE,富邦金期貨,202610,0,1261,1298,1407,1551,1684
20260929,CE,富邦金期貨,202610,1,1011,1298,1066,1551,1684
20260929,CE,富邦金期貨,999912,0,1305,1318,1452,1582,1734
20260929,CE,富邦金期貨,999912,1,1055,1318,1111,1582,1734
20260929,CF,台塑期貨,202610,0,1556,2777,2253,3354,3612
20260929,CF,台塑期貨,202610,1,212,2777,332,3354,3612
20260929,CF,台塑期貨,999912,0,1604,2829,2318,3437,3729
20260929,CF,台塑期貨,999912,1,212,2829,335,3437,3729
20260929,CG,仁寶期貨,202610,0,3411,3133,4349,4930,6823
20260929,CG,仁寶期貨,202610,1,2731,2263,3449,2263,6823
20260929,CG,仁寶期貨,999912,0,3411,3158,4406,5058,7126
20260929,CG,仁寶期貨,999912,1,2731,2288,3456,2288,7126
20260929,CH,友達期貨,202610,0,11216,26390,13750,30421,35412
20260929,CH,友達期貨,202610,1,4917,26390,4917,29752,35412
20260929,CH,友達期貨,999912,0,11216,28272,13823,32450,37903
20260929,CH,友達期貨,999912,1,4917,28272,5380,31781,37903
20260929,CJ,華南金期貨,202610,0,405,460,497,528,560
20260929,CJ,華南金期貨,202610,1,180,460,240,518,560
20260929,CJ,華南金期貨,999912,0,408,461,502,529,568
20260929,CJ,華南金期貨,999912,1,180,461,242,519,568
20260929,CK,國泰金期貨,202610,0,1283,1328,1500,1872,2101
20260929,CK,國泰金期貨,202610,1,1229,1328,1267,1736,2101
20260929,CK,國泰金期貨,999912,0,1325,1389,1542,1933,2168
20260929,CK,國泰金期貨,999912,1,1271,1389,1309,1797,2168
20260929,CL,兆豐金期貨,202610,0,374,395,411,448,510
20260929,CL,兆豐金期貨,202610,1,374,395,388,438,510
20260929,CL,兆豐金期貨,999912,0,376,402,414,456,518
20260929,CL,兆豐金期貨,999912,1,376,402,390,446,518
20260929,CM,台新新光金期貨,202610,0,1288,1481,1537,2021,2344
20260929,CM,台新新光金期貨,202610,1,125,1481,173,2021,2344
20260929,CM,台新新光金期貨,999912,0,1588,1692,1938,2362,2881
20260929,CM,台新新光金期貨,999912,1,125,1692,173,2362,2881
20260929,CN,中信金期貨,202610,0,1650,1959,1876,2144,2253
20260929,CN,中信金期貨,202610,1,1569,1959,1768,2144,2253
20260929,CN,中信金期貨,999912,0,1778,2070,2023,2291,2424
20260929,CN,中信金期貨,999912,1,1689,2070,1907,2291,2424
20260929,CQ,統一期貨,202610,0,298,296,329,340,352
20260929,CQ,統一期貨,202610,1,298,296,310,340,352
20260929,CQ,統一期貨,999912,0,298,297,329,341,353
20260929,CQ,統一期貨,999912,1,298,297,310,341,353
20260929,CR,遠東新期貨,202610,0,222,341,304,446,478
20260929,CR,遠東新期貨,202610,1,0,341,0,446,478
20260929,CR,遠東新期貨,999912,0,222,365,312,470,503
20260929,CR,遠東新期貨,999912,1,0,365,0,470,503
20260929,CS,華新期貨,202610,0,1346,2780,1768,3085,3278
20260929,CS,華新期貨,202610,1,684,2780,684,3085,3278
20260929,CS,華新期貨,999912,0,1346,2780,1768,3125,3347
20260929,CS,華新期貨,999912,1,684,2780,684,3125,3347
20260929,CU,中環期貨,202610,0,69,74,80,91,94
20260929,CU,中環期貨,202610,1,10,59,12,70,94
20260929,CU,中環期貨,999912,0,69,74,80,91,94
20260929,CU,中環期貨,999912,1,10,59,12,70,94
20260929,CW,佳世達期貨,202610,0,124,185,172,241,256
20260929,CW,佳世達期貨,202610,1,42,185,42,217,256
20260929,CW,佳世達期貨,999912,0,296,389,365,457,475
20260929,CW,佳世達期貨,999912,1,22,389,42,433,475
20260929,CX,大同期貨,202610,0,679,1503,853,1561,1567
20260929,CX,大同期貨,202610,1,331,1503,397,1561,1567
20260929,CX,大同期貨,999912,0,692,1532,866,1601,1612
20260929,CX,大同期貨,999912,1,331,1532,397,1601,1612
20260929,CY,南亞科期貨,202610,0,2158,4704,3100,6432,7945
20260929,CY,南亞科期貨,202610,1,0,4704,337,6432,7945
20260929,CY,南亞科期貨,999912,0,2158,5005,3138,6956,8601
20260929,CY,南亞科期貨,999912,1,0,5005,175,6956,8601
20260929,CZ,長榮期貨,202610,0,2058,5738,2976,6072,6293
20260929,CZ,長榮期貨,202610,1,462,5738,1016,6072,6293
20260929,CZ,長榮期貨,999912,0,2110,5840,3053,6213,6534
20260929,CZ,長榮期貨,999912,1,760,5840,1089,6213,6534
20260929,DA,陽明期貨,202610,0,3395,3816,3731,5203,5713
20260929,DA,陽明期貨,202610,1,750,3816,750,5203,5713
20260929,DA,陽明期貨,999912,0,3395,3874,3751,5261,5821
20260929,DA,陽明期貨,999912,1,750,3874,750,5261,5821
20260929,DB,華航期貨,202610,0,517,950,706,1126,1192
20260929,DB,華航期貨,202610,1,469,950,469,1126,1192
20260929,DB,華航期貨,999912,0,517,950,712,1126,1202
20260929,DB,華航期貨,999912,1,469,950,469,1126,1202
20260929,DC,彰銀期貨,202610,0,145,201,193,222,231
20260929,DC,彰銀期貨,202610,1,46,201,61,216,231
20260929,DC,彰銀期貨,999912,0,150,208,202,247,266
20260929,DC,彰銀期貨,999912,1,46,208,46,229,266
20260929,DE,永豐金期貨,202610,0,560,495,593,619,631
20260929,DE,永豐金期貨,202610,1,370,450,374,574,631
20260929,DE,永豐金期貨,999912,0,561,495,594,619,632
20260929,DE,永豐金期貨,999912,1,370,450,374,574,632
20260929,DF,台泥期貨,202610,0,1065,2439,1439,2878,3170
20260929,DF,台泥期貨,202610,1,493,2439,493,2878,3170
20260929,DF,台泥期貨,999912,0,1695,3006,2258,3873,4510
20260929,DF,台泥期貨,999912,1,407,3006,493,3873,4510
20260929,DG,台化期貨,202610,0,910,1446,1090,1930,2186
20260929,DG,台化期貨,202610,1,87,1446,125,1930,2186
20260929,DG,台化期貨,999912,0,997,1497,1180,1981,2309
20260929,DG,台化期貨,999912,1,87,1497,125,1981,2309
20260929,DH,鴻海期貨,202610,0,13387,17717,14770,19453,21242
20260929,DH,鴻海期貨,202610,1,12937,17717,13212,19453,21242
20260929,DH,鴻海期貨,999912,0,14517,20807,16167,22620,24590
20260929,DH,鴻海期貨,999912,1,14067,20807,14451,22620,24590
20260929,DI,旺宏期貨,202610,0,2516,4599,3141,5253,5696
20260929,DI,旺宏期貨,202610,1,2026,4599,2187,5153,5696
20260929,DI,旺宏期貨,999912,0,2578,4970,3362,5693,6296
20260929,DI,旺宏期貨,999912,1,2027,4970,2188,5593,6296
20260929,DJ,華碩期貨,202610,0,132,159,182,223,260
20260929,DJ,華碩期貨,202610,1,118,159,150,223,260
20260929,DJ,華碩期貨,999912,0,132,161,183,225,264
20260929,DJ,華碩期貨,999912,1,118,161,151,225,264
20260929,DK,廣達期貨,202610,0,1980,3125,2481,3289,3400
20260929,DK,廣達期貨,202610,1,1980,3125,2481,3263,3400
20260929,DK,廣達期貨,999912,0,2100,3285,2616,3499,3673
20260929,DK,廣達期貨,999912,1,2100,3285,2563,3473,3673
20260929,DL,中華電期貨,202610,0,193,135,230,183,273
20260929,DL,中華電期貨,202610,1,138,98,144,146,273
20260929,DL,中華電期貨,999912,0,239,205,315,272,387
20260929,DL,中華電期貨,999912,1,160,115,186,167,387
20260929,DN,玉山金期貨,202610,0,1180,1042,1348,1344,1595
20260929,DN,玉山金期貨,202610,1,1079,1042,1112,1344,1595
20260929,DN,玉山金期貨,999912,0,1183,1042,1358,1365,1649
20260929,DN,玉山金期貨,999912,1,1082,1042,1115,1306,1649
20260929,DO,元大金期貨,202610,0,442,364,513,482,574
20260929,DO,元大金期貨,202610,1,382,364,408,403,574
20260929,DO,元大金期貨,999912,0,442,366,513,485,577
20260929,DO,元大金期貨,999912,1,382,366,408,406,577
20260929,DP,第一金期貨,202610,0,402,350,464,476,530
20260929,DP,第一金期貨,202610,1,337,350,360,458,530
20260929,DP,第一金期貨,999912,0,402,355,466,491,545
20260929,DP,第一金期貨,999912,1,337,355,360,473,545
20260929,DQ,群創期貨,202610,0,8260,22737,11870,25599,28558
20260929,DQ,群創期貨,202610,1,8260,22737,11020,23836,28558
20260929,DQ,群創期貨,999912,0,9273,24183,13558,27255,31651
20260929,DQ,群創期貨,999912,1,9273,24183,12708,25792,31651
20260929,DS,宏碁期貨,202610,0,1662,3194,1988,3404,3455
20260929,DS,宏碁期貨,202610,1,1662,3044,1717,3191,3455
20260929,DS,宏碁期貨,999912,0,1662,3274,2001,3494,3575
20260929,DS,宏碁期貨,999912,1,1662,3124,1717,3279,3575
20260929,DV,聯發科期貨,202610,0,1447,2576,2143,3515,4244
20260929,DV,聯發科期貨,202610,1,364,2576,626,3515,4244
20260929,DV,聯發科期貨,999912,0,1800,3071,2620,4064,4819
20260929,DV,聯發科期貨,999912,1,491,3071,662,4064,4819
20260929,DW,潤泰全期貨,202610,0,356,438,414,456,463
20260929,DW,潤泰全期貨,202610,1,0,438,0,449,463
20260929,DW,潤泰全期貨,999912,0,501,554,565,625,636
20260929,DW,潤泰全期貨,999912,1,0,554,0,620,636
20260929,DX,緯創期貨,202610,0,4408,5355,5114,7171,8664
20260929,DX,緯創期貨,202610,1,1582,5355,1719,7171,8664
20260929,DX,緯創期貨,999912,0,4514,5359,5250,7468,9247
20260929,DX,緯創期貨,999912,1,1593,5359,1730,7468,9247
20260929,DY,亞泥期貨,202610,0,255,203,270,272,292
20260929,DY,亞泥期貨,202610,1,158,203,167,228,292
20260929,DY,亞泥期貨,999912,0,256,204,271,273,293
20260929,DY,亞泥期貨,999912,1,158,204,167,229,293
20260929,DZ,大成期貨,202610,0,22,19,24,24,24
20260929,DZ,大成期貨,202610,1,14,14,15,15,24
20260929,DZ,大成期貨,999912,0,22,19,24,24,24
20260929,DZ,大成期貨,999912,1,14,14,15,15,24
20260929,E4F,臺灣永續期貨,202610,0,7,7,7,7,7
20260929,E4F,臺灣永續期貨,202610,1,0,0,0,0,7
20260929,E4F,臺灣永續期貨,999912,0,18,18,18,18,18
20260929,E4F,臺灣永續期貨,999912,1,0,0,0,0,18
20260929,EE,國喬期貨,202610,0,622,1554,882,1645,1661
20260929,EE,國喬期貨,202610,1,0,1554,61,1645,1661
20260929,EE,國喬期貨,999912,0,622,1582,902,1673,1698
20260929,EE,國喬期貨,999912,1,0,1582,61,1673,1698
20260929,EG,中石化期貨,202610,0,897,1918,1225,2170,2229
20260929,EG,中石化期貨,202610,1,127,1918,127,2144,2229
20260929,EG,中石化期貨,999912,0,897,2003,1225,2294,2361
20260929,EG,中石化期貨,999912,1,127,2003,127,2268,2361
20260929,EH,東陽期貨,202610,0,167,324,238,343,352
20260929,EH,東陽期貨,202610,1,0,324,0,341,352
20260929,EH,東陽期貨,999912,0,170,335,243,354,364
20260929,EH,東陽期貨,999912,1,0,335,0,352,364
20260929,EK,南紡期貨,202610,0,157,164,189,192,204
20260929,EK,南紡期貨,202610,1,0,164,0,189,204
20260929,EK,南紡期貨,999912,0,157,166,192,194,207
20260929,EK,南紡期貨,999912,1,0,166,0,191,207
20260929,EM,東元期貨,202610,0,480,1088,672,1162,1172
20260929,EM,東元期貨,202610,1,313,1088,363,1162,1172
20260929,EM,東元期貨,999912,0,484,1104,685,1184,1213
20260929,EM,東元期貨,999912,1,262,1104,363,1184,1213
20260929,EO,中砂期貨,202610,0,14,19,23,27,31
20260929,EO,中砂期貨,202610,1,3,9,5,15,31
20260929,EO,中砂期貨,999912,0,14,19,23,27,32
20260929,EO,中砂期貨,999912,1,3,9,6,15,32
20260929,EP,亞德客-KY期貨,202610,0,27,25,33,33,33
20260929,EP,亞德客-KY期貨,202610,1,17,25,22,31,33
20260929,EP,亞德客-KY期貨,999912,0,27,25,33,33,33
20260929,EP,亞德客-KY期貨,999912,1,17,25,22,31,33
20260929,EY,中纖期貨,202610,0,175,334,273,413,441
20260929,EY,中纖期貨,202610,1,61,334,104,402,441
20260929,EY,中纖期貨,999912,0,175,349,276,430,463
20260929,EY,中纖期貨,999912,1,61,349,106,419,463
20260929,EZ,台肥期貨,202610,0,69,76,77,80,80
20260929,EZ,台肥期貨,202610,1,20,76,21,77,80
20260929,EZ,台肥期貨,999912,0,89,99,104,109,109
20260929,EZ,台肥期貨,999912,1,20,99,20,106,109
20260929,F1F,英國富時100期貨,202612,0,58,63,63,63,63
20260929,F1F,英國富時100期貨,202612,1,0,59,0,59,63
20260929,F1F,英國富時100期貨,999912,0,70,76,76,76,76
20260929,F1F,英國富時100期貨,999912,1,0,72,0,72,76
20260929,FB,東和鋼鐵期貨,202610,0,17,31,29,37,37
20260929,FB,東和鋼鐵期貨,202610,1,7,31,7,34,37
20260929,FB,東和鋼鐵期貨,999912,0,17,32,29,38,38
20260929,FB,東和鋼鐵期貨,999912,1,7,32,7,35,38
20260929,FE,大成鋼期貨,202610,0,1526,2372,1950,2765,2893
20260929,FE,大成鋼期貨,202610,1,325,2372,325,2765,2893
20260929,FE,大成鋼期貨,999912,0,1526,2379,1950,2774,2903
20260929,FE,大成鋼期貨,999912,1,325,2379,325,2774,2903
20260929,FF,上銀期貨,202610,0,140,194,172,247,274
20260929,FF,上銀期貨,202610,1,111,194,124,247,274
20260929,FF,上銀期貨,999912,0,140,194,172,247,275
20260929,FF,上銀期貨,999912,1,111,194,124,247,275
20260929,FG,川湖期貨,202610,0,60,42,73,66,78
20260929,FG,川湖期貨,202610,1,38,42,42,66,78
20260929,FG,川湖期貨,999912,0,66,43,79,68,84
20260929,FG,川湖期貨,999912,1,44,43,48,68,84
20260929,FK,正新期貨,202610,0,193,293,267,362,383
20260929,FK,正新期貨,202610,1,34,293,34,362,383
20260929,FK,正新期貨,999912,0,193,296,267,367,388
20260929,FK,正新期貨,999912,1,34,296,34,367,388
20260929,FN,裕隆期貨,202610,0,373,904,519,970,1001
20260929,FN,裕隆期貨,202610,1,213,904,213,961,1001
20260929,FN,裕隆期貨,999912,0,613,1149,801,1316,1365
20260929,FN,裕隆期貨,999912,1,164,1149,213,1316,1365
20260929,FQ,光寶科期貨,202610,0,1064,2077,1464,2797,3288
20260929,FQ,光寶科期貨,202610,1,599,2077,663,2797,3288
20260929,FQ,光寶科期貨,999912,0,1073,2087,1473,2826,3420
20260929,FQ,光寶科期貨,999912,1,608,2087,672,2826,3420
20260929,FR,台達電期貨,202610,0,2159,3505,2783,4425,4926
20260929,FR,台達電期貨,202610,1,646,3505,795,4425,4926
20260929,FR,台達電期貨,999912,0,2756,4174,3416,5141,5705
20260929,FR,台達電期貨,999912,1,749,4174,903,5141,5705
20260929,FS,金寶期貨,202610,0,1066,1662,1239,1667,1668
20260929,FS,金寶期貨,202610,1,1066,1647,1191,1648,1668
20260929,FS,金寶期貨,999912,0,1066,1710,1257,1725,1730
20260929,FS,金寶期貨,999912,1,1066,1701,1191,1707,1730
20260929,FT,華通期貨,202610,0,870,2775,1180,2930,3021
20260929,FT,華通期貨,202610,1,440,2775,578,2869,3021
20260929,FT,華通期貨,999912,0,877,2859,1247,3016,3148
20260929,FT,華通期貨,999912,1,577,2859,645,2955,3148
20260929,FV,精英期貨,202610,0,178,277,244,284,284
20260929,FV,精英期貨,202610,1,152,266,188,269,284
20260929,FV,精英期貨,999912,0,278,407,362,414,414
20260929,FV,精英期貨,999912,1,152,396,180,399,414
20260929,FW,友訊期貨,202610,0,494,858,572,911,912
20260929,FW,友訊期貨,202610,1,228,858,228,910,912
20260929,FW,友訊期貨,999912,0,494,872,572,930,933
20260929,FW,友訊期貨,999912,1,228,872,228,930,933
20260929,FY,台亞期貨,202610,0,406,737,557,776,800
20260929,FY,台亞期貨,202610,1,406,709,484,748,800
20260929,FY,台亞期貨,999912,0,409,747,577,795,830
20260929,FY,台亞期貨,999912,1,409,709,495,744,830
20260929,FZ,華邦電期貨,202610,0,6368,9867,7684,13024,15031
20260929,FZ,華邦電期貨,202610,1,2057,9867,2057,13024,15031
20260929,FZ,華邦電期貨,999912,0,6368,10254,7719,13430,16060
20260929,FZ,華邦電期貨,999912,1,2057,10254,2294,13430,16060
20260929,G2F,富櫃200期貨,202610,0,29,29,29,29,29
20260929,G2F,富櫃200期貨,202610,1,29,0,29,0,29
20260929,G2F,富櫃200期貨,999912,0,29,29,29,29,29
20260929,G2F,富櫃200期貨,999912,1,29,0,29,0,29
20260929,GA,聯強期貨,202610,0,170,197,198,217,219
20260929,GA,聯強期貨,202610,1,160,197,160,215,219
20260929,GA,聯強期貨,999912,0,170,197,198,217,220
20260929,GA,聯強期貨,999912,1,160,197,160,215,220
20260929,GC,鴻準期貨,202610,0,339,1287,516,1497,1645
20260929,GC,鴻準期貨,202610,1,219,1287,219,1497,1645
20260929,GC,鴻準期貨,999912,0,341,1300,518,1524,1714
20260929,GC,鴻準期貨,999912,1,219,1300,219,1492,1714
20260929,GDF,黃金期貨,202610,0,208,311,277,313,313
20260929,GDF,黃金期貨,202610,1,0,116,0,116,313
20260929,GDF,黃金期貨,999912,0,219,356,303,360,360
20260929,GDF,黃金期貨,999912,1,0,161,0,161,360
20260929,GH,技嘉期貨,202610,0,1287,2827,1700,2947,2963
20260929,GH,技嘉期貨,202610,1,967,2827,1213,2947,2963
20260929,GH,技嘉期貨,999912,0,1302,2912,1801,3091,3133
20260929,GH,技嘉期貨,999912,1,967,2912,1243,3091,3133
20260929,GI,微星期貨,202610,0,232,1027,363,1117,1158
20260929,GI,微星期貨,202610,1,130,1027,214,1103,1158
20260929,GI,微星期貨,999912,0,233,1062,364,1153,1203
20260929,GI,微星期貨,999912,1,131,1062,215,1139,1203
20260929,GJ,瑞昱期貨,202610,0,313,293,459,429,604
20260929,GJ,瑞昱期貨,202610,1,240,135,361,135,604
20260929,GJ,瑞昱期貨,999912,0,324,293,474,439,630
20260929,GJ,瑞昱期貨,999912,1,283,135,376,135,630
20260929,GK,群光期貨,202610,0,126,297,177,304,304
20260929,GK,群光期貨,202610,1,106,297,120,298,304
20260929,GK,群光期貨,999912,0,126,340,188,348,351
20260929,GK,群光期貨,999912,1,106,340,120,344,351
20260929,GL,正崴期貨,202610,0,173,247,225,306,315
20260929,GL,正崴期貨,202610,1,0,247,8,304,315
20260929,GL,正崴期貨,999912,0,173,249,227,310,319
20260929,GL,正崴期貨,999912,1,0,249,0,308,319
20260929,GM,億光期貨,202610,0,77,81,94,100,106
20260929,GM,億光期貨,202610,1,17,81,23,96,106
20260929,GM,億光期貨,999912,0,77,83,95,102,108
20260929,GM,億光期貨,999912,1,17,83,23,98,108
20260929,GN,凌陽期貨,202610,0,65,95,88,116,121
20260929,GN,凌陽期貨,202610,1,33,95,37,116,121
20260929,GN,凌陽期貨,999912,0,65,101,90,122,127
20260929,GN,凌陽期貨,999912,1,33,101,37,122,127
20260929,GO,漢唐期貨,202610,0,66,102,99,143,175
20260929,GO,漢唐期貨,202610,1,36,102,42,143,175
20260929,GO,漢唐期貨,999912,0,66,102,99,144,183
20260929,GO,漢唐期貨,999912,1,36,102,42,144,183
20260929,GR,京元電子期貨,202610,0,1599,4384,2095,4780,5013
20260929,GR,京元電子期貨,202610,1,0,4384,278,4780,5013
20260929,GR,京元電子期貨,999912,0,1703,4710,2329,5182,5495
20260929,GR,京元電子期貨,999912,1,304,4710,590,5182,5495
20260929,GTF,櫃買期貨,202610,0,0,0,0,0,0
20260929,GTF,櫃買期貨,202610,1,0,0,0,0,0
20260929,GTF,櫃買期貨,999912,0,0,0,0,0,0
20260929,GTF,櫃買期貨,999912,1,0,0,0,0,0
20260929,GU,全新期貨,202610,0,1178,2211,1798,2992,3781
20260929,GU,全新期貨,202610,1,307,2211,454,2992,3781
20260929,GU,全新期貨,999912,0,1178,2211,1798,2995,3821
20260929,GU,全新期貨,999912,1,307,2211,454,2995,3821
20260929,GV,飛宏期貨,202610,0,64,80,75,86,86
20260929,GV,飛宏期貨,202610,1,13,80,16,81,86
20260929,GV,飛宏期貨,999912,0,64,81,75,87,87
20260929,GV,飛宏期貨,999912,1,13,81,16,82,87
20260929,GW,義隆期貨,202610,0,71,175,102,194,197
20260929,GW,義隆期貨,202610,1,28,98,34,112,197
20260929,GW,義隆期貨,999912,0,75,177,106,197,203
20260929,GW,義隆期貨,999912,1,28,108,34,115,203
20260929,GX,可成期貨,202610,0,748,2569,992,2631,2661
20260929,GX,可成期貨,202610,1,0,2569,0,2631,2661
20260929,GX,可成期貨,999912,0,776,2659,1038,2731,2777
20260929,GX,可成期貨,999912,1,0,2659,0,2731,2777
20260929,GY,強茂期貨,202610,0,907,2673,1323,3364,4479
20260929,GY,強茂期貨,202610,1,617,2189,883,2360,4479
20260929,GY,強茂期貨,999912,0,940,2698,1359,3419,4701
20260929,GY,強茂期貨,999912,1,650,2214,919,2385,4701
20260929,GZ,兆赫期貨,202610,0,248,322,288,349,356
20260929,GZ,兆赫期貨,202610,1,248,312,270,324,356
20260929,GZ,兆赫期貨,999912,0,260,394,325,425,441
20260929,GZ,兆赫期貨,999912,1,260,384,300,404,441
20260929,HA,瑞軒期貨,202610,0,2614,5420,3302,5719,5781
20260929,HA,瑞軒期貨,202610,1,253,5420,709,5680,5781
20260929,HA,瑞軒期貨,999912,0,2614,5420,3307,5882,5991
20260929,HA,瑞軒期貨,999912,1,253,5420,709,5882,5991
20260929,HB,華新科期貨,202610,0,2814,5460,3348,6178,6377
20260929,HB,華新科期貨,202610,1,0,5460,225,6178,6377
20260929,HB,華新科期貨,999912,0,2814,5522,3348,6240,6461
20260929,HB,華新科期貨,999912,1,0,5522,225,6240,6461
20260929,HC,宏達電期貨,202610,0,844,1650,1177,1931,2023
20260929,HC,宏達電期貨,202610,1,519,1520,641,1709,2023
20260929,HC,宏達電期貨,999912,0,847,1684,1211,1965,2070
20260929,HC,宏達電期貨,999912,1,522,1554,671,1743,2070
20260929,HH,中工期貨,202610,0,192,242,250,292,305
20260929,HH,中工期貨,202610,1,0,242,0,268,305
20260929,HH,中工期貨,999912,0,212,262,270,315,330
20260929,HH,中工期貨,999912,1,0,233,0,279,330
20260929,HI,冠德期貨,202610,0,150,190,198,235,252
20260929,HI,冠德期貨,202610,1,26,190,38,232,252
20260929,HI,冠德期貨,999912,0,150,190,198,235,252
20260929,HI,冠德期貨,999912,1,26,190,38,232,252
20260929,HL,興富發期貨,202610,0,583,1190,780,1214,1218
20260929,HL,興富發期貨,202610,1,312,1190,423,1210,1218
20260929,HL,興富發期貨,999912,0,603,1190,800,1236,1245
20260929,HL,興富發期貨,999912,1,312,1190,423,1222,1245
20260929,HO,華固期貨,202610,0,110,118,130,141,147
20260929,HO,華固期貨,202610,1,30,98,32,110,147
20260929,HO,華固期貨,999912,0,110,118,130,141,147
20260929,HO,華固期貨,999912,1,30,98,32,110,147
20260929,HQ,新興期貨,202610,0,558,761,775,1223,1581
20260929,HQ,新興期貨,202610,1,97,761,97,1111,1581
20260929,HQ,新興期貨,999912,0,558,762,776,1229,1602
20260929,HQ,新興期貨,999912,1,97,762,97,1117,1602
20260929,HS,長榮航期貨,202610,0,1017,1613,1464,2019,2382
20260929,HS,長榮航期貨,202610,1,837,1223,1101,1531,2382
20260929,HS,長榮航期貨,999912,0,1099,1748,1555,2161,2526
20260929,HS,長榮航期貨,999912,1,919,1223,1192,1531,2526
20260929,IA,臺企銀期貨,202610,0,202,212,228,238,244
20260929,IA,臺企銀期貨,202610,1,90,202,99,219,244
20260929,IA,臺企銀期貨,999912,0,209,282,287,323,338
20260929,IA,臺企銀期貨,999912,1,90,282,99,297,338
20260929,IH,農林期貨,202610,0,77,97,98,102,102
20260929,IH,農林期貨,202610,1,9,85,9,88,102
20260929,IH,農林期貨,999912,0,82,111,110,117,117
20260929,IH,農林期貨,999912,1,0,99,9,102,117
20260929,II,晶豪科期貨,202610,0,1216,1381,1615,2027,2414
20260929,II,晶豪科期貨,202610,1,541,1381,610,2027,2414
20260929,II,晶豪科期貨,999912,0,1238,1406,1640,2057,2537
20260929,II,晶豪科期貨,999912,1,563,1406,635,2057,2537
20260929,IJ,大立光期貨,202610,0,561,674,713,805,920
20260929,IJ,大立光期貨,202610,1,132,674,155,805,920
20260929,IJ,大立光期貨,999912,0,674,757,828,894,1060
20260929,IJ,大立光期貨,999912,1,101,757,166,894,1060
20260929,IM,亞光期貨,202610,0,1266,2065,1430,2096,2110
20260929,IM,亞光期貨,202610,1,1216,2065,1236,2096,2110
20260929,IM,亞光期貨,999912,0,1409,2316,1619,2374,2395
20260929,IM,亞光期貨,999912,1,1286,2316,1286,2374,2395
20260929,IO,聯詠期貨,202610,0,214,452,292,491,505
20260929,IO,聯詠期貨,202610,1,184,452,210,491,505
20260929,IO,聯詠期貨,999912,0,214,454,292,493,510
20260929,IO,聯詠期貨,999912,1,184,454,222,493,510
20260929,IP,智原期貨,202610,0,801,1031,909,1299,1476
20260929,IP,智原期貨,202610,1,441,1031,463,1204,1476
20260929,IP,智原期貨,999912,0,801,1040,909,1310,1516
20260929,IP,智原期貨,999912,1,441,1040,463,1215,1516
20260929,IQ,文曄期貨,202610,0,736,1486,928,1644,1764
20260929,IQ,文曄期貨,202610,1,561,1486,561,1644,1764
20260929,IQ,文曄期貨,999912,0,743,1486,935,1667,1790
20260929,IQ,文曄期貨,999912,1,568,1486,568,1667,1790
20260929,IR,欣興期貨,202610,0,1093,1492,1454,2381,3390
20260929,IR,欣興期貨,202610,1,958,1492,1014,2381,3390
20260929,IR,欣興期貨,999912,0,1355,1893,1826,2820,3910
20260929,IR,欣興期貨,999912,1,909,1893,1025,2820,3910
20260929,IT,晶技期貨,202610,0,2675,2640,3013,3565,5261
20260929,IT,晶技期貨,202610,1,0,2333,0,2728,5261
20260929,IT,晶技期貨,999912,0,2675,2644,3015,3582,5357
20260929,IT,晶技期貨,999912,1,0,2337,0,2735,5357
20260929,IX,景碩期貨,202610,0,3212,3255,3669,4490,5721
20260929,IX,景碩期貨,202610,1,704,3255,865,4490,5721
20260929,IX,景碩期貨,999912,0,3212,3272,3710,4536,5836
20260929,IX,景碩期貨,999912,1,704,3272,906,4536,5836
20260929,IY,新日興期貨,202610,0,692,1753,922,1793,1821
20260929,IY,新日興期貨,202610,1,258,1753,303,1780,1821
20260929,IY,新日興期貨,999912,0,692,1797,922,1866,1919
20260929,IY,新日興期貨,999912,1,258,1797,303,1852,1919
20260929,IZ,明泰期貨,202610,0,231,538,330,546,546
20260929,IZ,明泰期貨,202610,1,121,538,177,544,546
20260929,IZ,明泰期貨,999912,0,231,552,338,566,570
20260929,IZ,明泰期貨,999912,1,121,552,177,566,570
20260929,JB,創意期貨,202610,0,409,441,526,655,833
20260929,JB,創意期貨,202610,1,146,441,165,655,833
20260929,JB,創意期貨,999912,0,416,482,558,696,892
20260929,JB,創意期貨,999912,1,151,482,151,696,892
20260929,JF,嘉澤期貨,202610,0,55,69,74,87,99
20260929,JF,嘉澤期貨,202610,1,19,69,19,84,99
20260929,JF,嘉澤期貨,999912,0,55,74,76,92,106
20260929,JF,嘉澤期貨,999912,1,19,74,24,89,106
20260929,JM,健策期貨,202610,0,164,214,211,267,303
20260929,JM,健策期貨,202610,1,36,184,36,237,303
20260929,JM,健策期貨,999912,0,165,219,214,272,310
20260929,JM,健策期貨,999912,1,36,189,36,242,310
20260929,JN,TPK-KY期貨,202610,0,209,700,306,738,751
20260929,JN,TPK-KY期貨,202610,1,79,685,102,706,751
20260929,JN,TPK-KY期貨,999912,0,355,889,470,932,958
20260929,JN,TPK-KY期貨,999912,1,82,874,155,903,958
20260929,JP,大聯大期貨,202610,0,741,927,997,1240,1407
20260929,JP,大聯大期貨,202610,1,160,927,242,1240,1407
20260929,JP,大聯大期貨,999912,0,750,928,1006,1260,1432
20260929,JP,大聯大期貨,999912,1,160,928,242,1260,1432
20260929,JS,和碩期貨,202610,0,243,277,298,363,448
20260929,JS,和碩期貨,202610,1,43,243,58,312,448
20260929,JS,和碩期貨,999912,0,243,278,308,370,483
20260929,JS,和碩期貨,999912,1,43,244,58,319,483
20260929,JW,長虹期貨,202610,0,63,98,92,110,110
20260929,JW,長虹期貨,202610,1,0,98,8,109,110
20260929,JW,長虹期貨,999912,0,165,203,201,222,224
20260929,JW,長虹期貨,999912,1,0,183,8,202,224
20260929,JX,群益證期貨,202610,0,222,260,246,277,279
20260929,JX,群益證期貨,202610,1,182,247,182,254,279
20260929,JX,群益證期貨,999912,0,229,272,257,289,292
20260929,JX,群益證期貨,999912,1,182,253,182,260,292
20260929,JZ,嘉聯益期貨,202610,0,182,269,230,309,319
20260929,JZ,嘉聯益期貨,202610,1,34,269,44,298,319
20260929,JZ,嘉聯益期貨,999912,0,182,283,231,324,335
20260929,JZ,嘉聯益期貨,999912,1,34,283,44,313,335
20260929,KA,瑞儀期貨,202610,0,68,114,106,153,165
20260929,KA,瑞儀期貨,202610,1,13,114,22,148,165
20260929,KA,瑞儀期貨,999912,0,78,121,117,165,182
20260929,KA,瑞儀期貨,999912,1,13,121,22,165,182
20260929,KB,聯茂期貨,202610,0,580,1353,868,1863,2405
20260929,KB,聯茂期貨,202610,1,289,1353,392,1863,2405
20260929,KB,聯茂期貨,999912,0,601,1384,914,1912,2473
20260929,KB,聯茂期貨,999912,1,395,1384,438,1912,2473
20260929,KC,力成期貨,202610,0,707,1944,913,2472,2892
20260929,KC,力成期貨,202610,1,174,1944,174,2472,2892
20260929,KC,力成期貨,999912,0,711,1949,917,2497,2967
20260929,KC,力成期貨,999912,1,178,1949,178,2497,2967
20260929,KD,同欣電期貨,202610,0,214,332,245,406,469
20260929,KD,同欣電期貨,202610,1,152,332,152,406,469
20260929,KD,同欣電期貨,999912,0,214,333,245,407,472
20260929,KD,同欣電期貨,999912,1,152,333,152,407,472
20260929,KE,台表科期貨,202610,0,337,828,450,1043,1249
20260929,KE,台表科期貨,202610,1,0,828,0,1003,1249
20260929,KE,台表科期貨,999912,0,342,831,455,1049,1281
20260929,KE,台表科期貨,999912,1,0,831,0,1009,1281
20260929,KF,康舒期貨,202610,0,515,1133,781,1362,1501
20260929,KF,康舒期貨,202610,1,340,1133,511,1282,1501
20260929,KF,康舒期貨,999912,0,515,1188,781,1417,1563
20260929,KF,康舒期貨,999912,1,340,1188,511,1337,1563
20260929,KG,啟碁期貨,202610,0,188,297,251,386,460
20260929,KG,啟碁期貨,202610,1,91,297,91,386,460
20260929,KG,啟碁期貨,999912,0,188,302,251,394,475
20260929,KG,啟碁期貨,999912,1,91,302,91,394,475
20260929,KI,台虹期貨,202610,0,3691,5590,4244,5687,5783
20260929,KI,台虹期貨,202610,1,0,5506,200,5578,5783
20260929,KI,台虹期貨,999912,0,3691,5700,4244,5799,5916
20260929,KI,台虹期貨,999912,1,0,5616,200,5690,5916
20260929,KK,達方期貨,202610,0,17,18,19,19,19
20260929,KK,達方期貨,202610,1,6,16,6,17,19
20260929,KK,達方期貨,999912,0,17,18,19,19,19
20260929,KK,達方期貨,999912,1,6,16,6,17,19
20260929,KL,寶成期貨,202610,0,531,715,655,946,1021
20260929,KL,寶成期貨,202610,1,0,715,0,946,1021
20260929,KL,寶成期貨,999912,0,575,723,711,1017,1113
20260929,KL,寶成期貨,999912,1,0,723,0,1017,1113
20260929,KO,宏全期貨,202610,0,112,93,118,114,119
20260929,KO,宏全期貨,202610,1,0,93,0,114,119
20260929,KO,宏全期貨,999912,0,132,113,138,134,139
20260929,KO,宏全期貨,999912,1,0,113,0,134,139
20260929,KP,潤泰新期貨,202610,0,181,325,261,422,445
20260929,KP,潤泰新期貨,202610,1,0,325,33,422,445
20260929,KP,潤泰新期貨,999912,0,719,916,818,1041,1077
20260929,KP,潤泰新期貨,999912,1,0,916,19,1041,1077
20260929,KS,聚陽期貨,202610,0,34,57,47,61,61
20260929,KS,聚陽期貨,202610,1,0,57,0,59,61
20260929,KS,聚陽期貨,999912,0,42,63,55,69,69
20260929,KS,聚陽期貨,999912,1,0,63,0,67,69
20260929,KU,台玻期貨,202610,0,4970,9140,6419,9246,9320
20260929,KU,台玻期貨,202610,1,4970,9140,6419,9176,9320
20260929,KU,台玻期貨,999912,0,4970,9268,6421,9397,9521
20260929,KU,台玻期貨,999912,1,4970,9268,6421,9318,9521
20260929,KW,廣宇期貨,202610,0,529,799,617,806,806
20260929,KW,廣宇期貨,202610,1,529,799,576,803,806
20260929,KW,廣宇期貨,999912,0,530,810,618,821,822
20260929,KW,廣宇期貨,999912,1,530,810,577,818,822
20260929,LB,健鼎期貨,202610,0,143,192,191,263,279
20260929,LB,健鼎期貨,202610,1,67,192,100,263,279
20260929,LB,健鼎期貨,999912,0,144,192,192,264,289
20260929,LB,健鼎期貨,999912,1,67,192,100,264,289
20260929,LC,台灣大期貨,202610,0,3898,4312,4590,4653,4974
20260929,LC,台灣大期貨,202610,1,3898,2276,4590,2481,4974
20260929,LC,台灣大期貨,999912,0,4530,4714,5294,5265,5714
20260929,LC,台灣大期貨,999912,1,4530,2762,5294,2978,5714
20260929,LE,玉晶光期貨,202610,0,389,383,551,538,860
20260929,LE,玉晶光期貨,202610,1,124,383,199,506,860
20260929,LE,玉晶光期貨,999912,0,406,383,570,538,888
20260929,LE,玉晶光期貨,999912,1,141,383,218,506,888
20260929,LI,台郡期貨,202610,0,172,379,236,510,560
20260929,LI,台郡期貨,202610,1,0,189,0,320,560
20260929,LI,台郡期貨,999912,0,172,380,236,512,564
20260929,LI,台郡期貨,999912,1,0,190,0,322,564
20260929,LM,美利達期貨,202610,0,100,187,142,208,210
20260929,LM,美利達期貨,202610,1,0,176,17,194,210
20260929,LM,美利達期貨,999912,0,106,188,148,212,216
20260929,LM,美利達期貨,999912,1,0,177,17,198,216
20260929,LO,合庫金期貨,202610,0,219,224,241,241,246
20260929,LO,合庫金期貨,202610,1,181,186,183,199,246
20260929,LO,合庫金期貨,999912,0,219,230,258,259,267
20260929,LO,合庫金期貨,999912,1,181,192,181,217,267
20260929,LQ,英業達期貨,202610,0,1939,2718,2154,2889,2960
20260929,LQ,英業達期貨,202610,1,1857,2568,1924,2739,2960
20260929,LQ,英業達期貨,999912,0,1939,2786,2172,2957,3055
20260929,LQ,英業達期貨,999912,1,1857,2636,1973,2807,3055
20260929,LR,凱基金期貨,202610,0,1085,1054,1188,1358,1491
20260929,LR,凱基金期貨,202610,1,1025,1054,1045,1358,1491
20260929,LR,凱基金期貨,999912,0,1085,1063,1188,1371,1505
20260929,LR,凱基金期貨,999912,1,1025,1063,1045,1371,1505
20260929,LT,遠傳期貨,202610,0,88,49,95,77,95
20260929,LT,遠傳期貨,202610,1,79,32,82,55,95
20260929,LT,遠傳期貨,999912,0,89,49,96,78,96
20260929,LT,遠傳期貨,999912,1,79,39,82,56,96
20260929,LU,臻鼎-KY期貨,202610,0,839,3686,1159,4170,4520
20260929,LU,臻鼎-KY期貨,202610,1,212,3686,212,4170,4520
20260929,LU,臻鼎-KY期貨,999912,0,926,3769,1289,4253,4776
20260929,LU,臻鼎-KY期貨,999912,1,284,3769,284,4253,4776
20260929,LV,中租-KY期貨,202610,0,453,588,523,670,708
20260929,LV,中租-KY期貨,202610,1,0,588,0,655,708
20260929,LV,中租-KY期貨,999912,0,529,674,622,766,821
20260929,LV,中租-KY期貨,999912,1,0,674,0,751,821
20260929,LW,儒鴻期貨,202610,0,22,36,33,47,50
20260929,LW,儒鴻期貨,202610,1,0,36,0,42,50
20260929,LW,儒鴻期貨,999912,0,22,37,33,48,51
20260929,LW,儒鴻期貨,999912,1,0,37,0,43,51
20260929,LX,國巨期貨,202610,0,4391,7378,5990,9518,11221
20260929,LX,國巨期貨,202610,1,1909,7378,2346,9518,11221
20260929,LX,國巨期貨,999912,0,4512,7455,6175,9727,11591
20260929,LX,國巨期貨,999912,1,2030,7455,2531,9727,11591
20260929,LY,南電期貨,202610,0,622,848,902,1276,1693
20260929,LY,南電期貨,202610,1,442,848,442,1276,1693
20260929,LY,南電期貨,999912,0,757,999,1081,1503,1938
20260929,LY,南電期貨,999912,1,488,999,488,1503,1938
20260929,M1F,臺灣中型100期貨,202610,0,458,386,465,444,466
20260929,M1F,臺灣中型100期貨,202610,1,0,196,0,196,466
20260929,M1F,臺灣中型100期貨,999912,0,495,405,502,472,503
20260929,M1F,臺灣中型100期貨,999912,1,0,215,0,215,503
20260929,MB,敬鵬期貨,202610,0,69,98,92,120,125
20260929,MB,敬鵬期貨,202610,1,10,98,13,118,125
20260929,MB,敬鵬期貨,999912,0,70,100,93,122,128
20260929,MB,敬鵬期貨,999912,1,10,100,13,120,128
20260929,MJ,致茂期貨,202610,0,106,159,149,199,237
20260929,MJ,致茂期貨,202610,1,35,159,52,199,237
20260929,MJ,致茂期貨,999912,0,108,163,151,204,251
20260929,MJ,致茂期貨,999912,1,37,163,54,204,251
20260929,MK,美律期貨,202610,0,78,191,123,238,241
20260929,MK,美律期貨,202610,1,17,125,17,168,241
20260929,MK,美律期貨,999912,0,78,200,123,247,253
20260929,MK,美律期貨,999912,1,17,134,17,177,253
20260929,MQ,矽格期貨,202610,0,789,1255,999,1616,1900
20260929,MQ,矽格期貨,202610,1,372,1255,417,1616,1900
20260929,MQ,矽格期貨,999912,0,797,1337,1022,1709,2013
20260929,MQ,矽格期貨,999912,1,380,1337,425,1709,2013
20260929,MV,百和期貨,202610,0,108,149,130,151,151
20260929,MV,百和期貨,202610,1,51,149,57,151,151
20260929,MV,百和期貨,999912,0,108,151,130,153,153
20260929,MV,百和期貨,999912,1,51,151,57,153,153
20260929,MY,精華期貨,202610,0,4,4,4,4,4
20260929,MY,精華期貨,202610,1,2,1,2,1,4
20260929,MY,精華期貨,999912,0,5,5,5,5,5
20260929,MY,精華期貨,999912,1,2,2,2,2,5
20260929,NA,穩懋期貨,202610,0,2983,5108,4082,5911,7303
20260929,NA,穩懋期貨,202610,1,0,5108,0,5694,7303
20260929,NA,穩懋期貨,999912,0,3192,5148,4291,6041,7596
20260929,NA,穩懋期貨,999912,1,0,5148,0,5926,7596
20260929,NB,璟德期貨,202610,0,16,16,16,16,16
20260929,NB,璟德期貨,202610,1,3,15,3,15,16
20260929,NB,璟德期貨,999912,0,16,17,17,17,17
20260929,NB,璟德期貨,999912,1,3,16,3,16,17
20260929,NC,順達期貨,202610,0,247,753,354,756,756
20260929,NC,順達期貨,202610,1,35,738,63,739,756
20260929,NC,順達期貨,999912,0,247,754,354,762,762
20260929,NC,順達期貨,999912,1,35,739,63,745,762
20260929,ND,威剛期貨,202610,0,212,339,297,440,2292
20260929,ND,威剛期貨,202610,1,114,131,131,196,2292
20260929,ND,威剛期貨,999912,0,887,1275,1229,1576,2408
20260929,ND,威剛期貨,999912,1,663,1039,713,1039,2408
20260929,NE,欣銓期貨,202610,0,1362,1725,1527,2216,2554
20260929,NE,欣銓期貨,202610,1,305,1725,330,2147,2554
20260929,NE,欣銓期貨,999912,0,1365,1739,1550,2237,2603
20260929,NE,欣銓期貨,999912,1,308,1739,368,2168,2603
20260929,NG,碩禾期貨,202610,0,226,311,297,366,397
20260929,NG,碩禾期貨,202610,1,46,311,64,321,397
20260929,NG,碩禾期貨,999912,0,226,311,297,366,403
20260929,NG,碩禾期貨,999912,1,46,311,64,321,403
20260929,NI,晟德期貨,202610,0,139,236,177,271,283
20260929,NI,晟德期貨,202610,1,79,204,79,211,283
20260929,NI,晟德期貨,999912,0,139,240,178,276,292
20260929,NI,晟德期貨,999912,1,79,206,79,213,292
20260929,NJ,榮剛期貨,202610,0,786,699,824,802,844
20260929,NJ,榮剛期貨,202610,1,28,699,35,802,844
20260929,NJ,榮剛期貨,999912,0,986,887,1030,1005,1059
20260929,NJ,榮剛期貨,999912,1,28,887,45,1005,1059
20260929,NL,世界期貨,202610,0,2188,2137,2407,2819,3462
20260929,NL,世界期貨,202610,1,1473,2137,1514,2819,3462
20260929,NL,世界期貨,999912,0,2245,2137,2467,2856,3584
20260929,NL,世界期貨,999912,1,1530,2137,1574,2856,3584
20260929,NO,中美晶期貨,202610,0,560,2015,821,2429,2575
20260929,NO,中美晶期貨,202610,1,96,2015,145,2393,2575
20260929,NO,中美晶期貨,999912,0,560,2070,821,2486,2693
20260929,NO,中美晶期貨,999912,1,96,2070,145,2450,2693
20260929,NQ,新普期貨,202610,0,11,13,13,13,13
20260929,NQ,新普期貨,202610,1,7,13,7,13,13
20260929,NQ,新普期貨,999912,0,15,17,17,17,17
20260929,NQ,新普期貨,999912,1,9,17,9,17,17
20260929,NS,頎邦期貨,202610,0,2869,6206,4256,8797,11504
20260929,NS,頎邦期貨,202610,1,0,6206,528,8797,11504
20260929,NS,頎邦期貨,999912,0,2869,6206,4301,8886,11712
20260929,NS,頎邦期貨,999912,1,0,6206,573,8886,11712
20260929,NU,網家期貨,202610,0,23,34,33,36,36
20260929,NU,網家期貨,202610,1,15,29,19,31,36
20260929,NU,網家期貨,999912,0,28,42,39,44,44
20260929,NU,網家期貨,999912,1,15,37,19,39,44
20260929,NV,元太期貨,202610,0,628,1413,800,1513,1534
20260929,NV,元太期貨,202610,1,437,1413,534,1513,1534
20260929,NV,元太期貨,999912,0,668,1450,840,1559,1600
20260929,NV,元太期貨,999912,1,437,1450,534,1559,1600
20260929,NW,群聯期貨,202610,0,724,1528,888,1708,1848
20260929,NW,群聯期貨,202610,1,482,1528,520,1688,1848
20260929,NW,群聯期貨,999912,0,729,1553,913,1779,1952
20260929,NW,群聯期貨,999912,1,441,1553,526,1779,1952
20260929,NY,元大台灣50ETF期貨,202610,0,18937,18433,22232,23073,27412
20260929,NY,元大台灣50ETF期貨,202610,1,18937,18433,22012,23073,27412
20260929,NY,元大台灣50ETF期貨,999912,0,19774,19727,23115,24623,29158
20260929,NY,元大台灣50ETF期貨,999912,1,19774,19727,22895,24623,29158
20260929,OA,富邦上証ETF期貨,202610,0,687,671,699,697,699
20260929,OA,富邦上証ETF期貨,202610,1,649,310,652,333,699
20260929,OA,富邦上証ETF期貨,999912,0,717,697,742,739,744
20260929,OA,富邦上証ETF期貨,999912,1,649,348,652,368,744
20260929,OB,元大上證50ETF期貨,202610,0,10,10,10,10,10
20260929,OB,元大上證50ETF期貨,202610,1,2,0,2,0,10
20260929,OB,元大上證50ETF期貨,999912,0,10,10,10,10,10
20260929,OB,元大上證50ETF期貨,999912,1,2,0,2,0,10
20260929,OD,為升期貨,202610,0,70,156,108,156,156
20260929,OD,為升期貨,202610,1,0,156,14,156,156
20260929,OD,為升期貨,999912,0,76,163,114,163,163
20260929,OD,為升期貨,999912,1,0,163,14,163,163
20260929,OE,彩晶期貨,202610,0,3379,7242,4979,7429,7577
20260929,OE,彩晶期貨,202610,1,2426,7242,3052,7358,7577
20260929,OE,彩晶期貨,999912,0,3380,7333,5029,7584,7778
20260929,OE,彩晶期貨,999912,1,2427,7333,3102,7449,7778
20260929,OH,胡連期貨,202610,0,39,48,54,61,67
20260929,OH,胡連期貨,202610,1,0,48,0,59,67
20260929,OH,胡連期貨,999912,0,39,49,54,62,68
20260929,OH,胡連期貨,999912,1,0,49,0,60,68
20260929,OJ,國泰中國A50ETF期貨,202610,0,40,73,55,74,74
20260929,OJ,國泰中國A50ETF期貨,202610,1,6,40,6,40,74
20260929,OJ,國泰中國A50ETF期貨,999912,0,59,95,76,101,101
20260929,OJ,國泰中國A50ETF期貨,999912,1,6,57,6,59,101
20260929,OK,富邦深100ETF期貨,202610,0,490,495,505,518,518
20260929,OK,富邦深100ETF期貨,202610,1,448,308,448,323,518
20260929,OK,富邦深100ETF期貨,999912,0,549,549,576,588,594
20260929,OK,富邦深100ETF期貨,999912,1,448,371,448,385,594
20260929,OL,小型大立光期貨,202610,0,2041,5506,2884,7455,9455
20260929,OL,小型大立光期貨,202610,1,1275,5506,1275,7455,9455
20260929,OL,小型大立光期貨,999912,0,2236,6138,3261,8092,10344
20260929,OL,小型大立光期貨,999912,1,1628,6138,1628,8092,10344
20260929,OM,小型精華期貨,202610,0,17,17,17,17,17
20260929,OM,小型精華期貨,202610,1,14,17,14,17,17
20260929,OM,小型精華期貨,999912,0,18,18,18,18,18
20260929,OM,小型精華期貨,999912,1,14,18,14,18,18
20260929,OO,群益深証中小ETF期貨,202610,0,36,36,36,36,36
20260929,OO,群益深証中小ETF期貨,202610,1,0,22,0,22,36
20260929,OO,群益深証中小ETF期貨,999912,0,46,46,47,47,47
20260929,OO,群益深証中小ETF期貨,999912,1,0,22,0,22,47
20260929,OP,智邦期貨,202610,0,204,399,290,520,553
20260929,OP,智邦期貨,202610,1,179,399,233,520,553
20260929,OP,智邦期貨,999912,0,209,400,298,522,567
20260929,OP,智邦期貨,999912,1,209,400,241,522,567
20260929,OQ,樺漢期貨,202610,0,127,149,142,175,183
20260929,OQ,樺漢期貨,202610,1,104,149,107,175,183
20260929,OQ,樺漢期貨,999912,0,132,160,150,188,196
20260929,OQ,樺漢期貨,999912,1,104,160,107,188,196
20260929,OR,和大期貨,202610,0,161,352,231,358,358
20260929,OR,和大期貨,202610,1,102,345,116,349,358
20260929,OR,和大期貨,999912,0,203,444,296,451,451
20260929,OR,和大期貨,999912,1,74,437,116,442,451
20260929,OS,榮成期貨,202610,0,436,522,501,578,583
20260929,OS,榮成期貨,202610,1,0,522,0,575,583
20260929,OS,榮成期貨,999912,0,445,530,513,588,595
20260929,OS,榮成期貨,999912,1,0,530,0,585,595
20260929,OT,聯亞期貨,202610,0,761,751,848,1037,1309
20260929,OT,聯亞期貨,202610,1,0,751,0,1037,1309
20260929,OT,聯亞期貨,999912,0,890,840,977,1135,1445
20260929,OT,聯亞期貨,999912,1,0,840,0,1135,1445
20260929,OU,同致期貨,202610,0,20,33,25,33,33
20260929,OU,同致期貨,202610,1,7,32,8,32,33
20260929,OU,同致期貨,999912,0,20,34,25,34,34
20260929,OU,同致期貨,999912,1,7,33,8,33,34
20260929,OV,台燿期貨,202610,0,1624,2232,1923,3040,3808
20260929,OV,台燿期貨,202610,1,323,2232,323,3040,3808
20260929,OV,台燿期貨,999912,0,1648,2250,1947,3060,3876
20260929,OV,台燿期貨,999912,1,347,2250,347,3060,3876
20260929,OW,環球晶期貨,202610,0,895,3189,1244,3412,3590
20260929,OW,環球晶期貨,202610,1,359,3189,646,3362,3590
20260929,OW,環球晶期貨,999912,0,896,3243,1245,3468,3682
20260929,OW,環球晶期貨,999912,1,360,3243,647,3418,3682
20260929,OX,精測期貨,202610,0,44,61,67,88,92
20260929,OX,精測期貨,202610,1,15,61,18,85,92
20260929,OX,精測期貨,999912,0,49,62,72,89,97
20260929,OX,精測期貨,999912,1,20,62,23,86,97
20260929,OY,小型精測期貨,202610,0,343,1511,504,1810,1919
20260929,OY,小型精測期貨,202610,1,141,1511,141,1765,1919
20260929,OY,小型精測期貨,999912,0,459,1727,645,2036,2160
20260929,OY,小型精測期貨,999912,1,220,1727,220,1991,2160
20260929,OZ,日月光投控期貨,202610,0,1380,2339,1938,2963,3659
20260929,OZ,日月光投控期貨,202610,1,1035,2339,1393,2963,3659
20260929,OZ,日月光投控期貨,999912,0,1458,2512,2091,3144,3929
20260929,OZ,日月光投控期貨,999912,1,1073,2512,1431,3144,3929
20260929,PA,原相期貨,202610,0,45,75,63,83,83
20260929,PA,原相期貨,202610,1,17,75,17,78,83
20260929,PA,原相期貨,999912,0,47,83,69,92,92
20260929,PA,原相期貨,999912,1,17,72,17,80,92
20260929,PB,小型環球晶期貨,202610,0,1429,8369,2224,10876,12152
20260929,PB,小型環球晶期貨,202610,1,849,5085,1142,6792,12152
20260929,PB,小型環球晶期貨,999912,0,1430,9237,2324,11783,13297
20260929,PB,小型環球晶期貨,999912,1,850,5112,1003,7658,13297
20260929,PC,智擎期貨,202610,0,10,10,10,10,10
20260929,PC,智擎期貨,202610,1,1,10,1,10,10
20260929,PC,智擎期貨,999912,0,18,17,18,18,18
20260929,PC,智擎期貨,999912,1,1,17,1,18,18
20260929,PD,泰博期貨,202610,0,1,1,1,1,1
20260929,PD,泰博期貨,202610,1,0,1,0,1,1
20260929,PD,泰博期貨,999912,0,1,1,1,1,1
20260929,PD,泰博期貨,999912,1,0,1,0,1,1
20260929,PE,台半期貨,202610,0,660,1693,823,1771,1797
20260929,PE,台半期貨,202610,1,500,1693,604,1766,1797
20260929,PE,台半期貨,999912,0,660,1695,823,1779,1817
20260929,PE,台半期貨,999912,1,500,1695,604,1779,1817
20260929,PF,元大高股息ETF期貨,202610,0,153,235,187,262,266
20260929,PF,元大高股息ETF期貨,202610,1,108,206,108,221,266
20260929,PF,元大高股息ETF期貨,999912,0,185,287,231,341,363
20260929,PF,元大高股息ETF期貨,999912,1,108,245,108,261,363
20260929,PG,台灣高鐵期貨,202610,0,52,65,67,73,73
20260929,PG,台灣高鐵期貨,202610,1,18,65,25,73,73
20260929,PG,台灣高鐵期貨,999912,0,52,65,69,80,80
20260929,PG,台灣高鐵期貨,999912,1,18,61,25,76,80
20260929,PH,祥碩期貨,202610,0,111,229,156,229,229
20260929,PH,祥碩期貨,202610,1,54,229,75,229,229
20260929,PH,祥碩期貨,999912,0,111,229,156,229,229
20260929,PH,祥碩期貨,999912,1,54,229,75,229,229
20260929,PI,力旺期貨,202610,0,37,51,48,59,59
20260929,PI,力旺期貨,202610,1,4,51,9,59,59
20260929,PI,力旺期貨,999912,0,37,51,48,59,59
20260929,PI,力旺期貨,999912,1,4,51,9,59,59
20260929,PJ,台光電期貨,202610,0,200,252,243,356,423
20260929,PJ,台光電期貨,202610,1,180,252,193,356,423
20260929,PJ,台光電期貨,999912,0,220,260,263,366,445
20260929,PJ,台光電期貨,999912,1,200,260,213,366,445
20260929,PK,信昌電期貨,202610,0,1358,4356,1804,4618,4656
20260929,PK,信昌電期貨,202610,1,0,4356,78,4610,4656
20260929,PK,信昌電期貨,999912,0,1358,4356,1830,4655,4730
20260929,PK,信昌電期貨,999912,1,0,4356,104,4655,4730
20260929,PL,合晶期貨,202610,0,4016,9153,4964,10008,10523
20260929,PL,合晶期貨,202610,1,388,9153,530,9848,10523
20260929,PL,合晶期貨,999912,0,4832,10157,5780,11019,11597
20260929,PL,合晶期貨,999912,1,1204,10157,1346,10859,11597
20260929,PM,大江期貨,202610,0,26,51,38,57,57
20260929,PM,大江期貨,202610,1,3,43,3,49,57
20260929,PM,大江期貨,999912,0,28,53,40,61,61
20260929,PM,大江期貨,999912,1,0,45,3,53,61
20260929,PN,小型祥碩期貨,202610,0,531,1502,721,1656,1819
20260929,PN,小型祥碩期貨,202610,1,388,483,388,576,1819
20260929,PN,小型祥碩期貨,999912,0,532,1512,730,1669,1855
20260929,PN,小型祥碩期貨,999912,1,389,492,389,585,1855
20260929,PP,宣德期貨,202610,0,18,28,25,30,30
20260929,PP,宣德期貨,202610,1,0,27,1,29,30
20260929,PP,宣德期貨,999912,0,20,30,27,32,32
20260929,PP,宣德期貨,999912,1,0,29,1,31,32
20260929,PQ,金居期貨,202610,0,1699,5250,2327,5376,5420
20260929,PQ,金居期貨,202610,1,1000,5250,1369,5371,5420
20260929,PQ,金居期貨,999912,0,1713,5691,2463,5841,5905
20260929,PQ,金居期貨,999912,1,818,5691,1309,5841,5905
20260929,PR,宏捷科期貨,202610,0,117,176,157,261,294
20260929,PR,宏捷科期貨,202610,1,10,176,10,261,294
20260929,PR,宏捷科期貨,999912,0,132,202,175,287,321
20260929,PR,宏捷科期貨,999912,1,18,202,28,287,321
20260929,PS,神達期貨,202610,0,1883,2566,2188,2729,3878
20260929,PS,神達期貨,202610,1,1883,2566,2103,2601,3878
20260929,PS,神達期貨,999912,0,1983,3669,2590,3901,3981
20260929,PS,神達期貨,999912,1,1983,3669,2301,3773,3981
20260929,PT,雙鴻期貨,202610,0,1170,1102,1361,1337,1629
20260929,PT,雙鴻期貨,202610,1,71,1102,103,1337,1629
20260929,PT,雙鴻期貨,999912,0,1242,1215,1525,1466,1830
20260929,PT,雙鴻期貨,999912,1,71,1215,71,1466,1830
20260929,PU,小型聯發科期貨,202610,0,1236,7928,1806,10379,13183
20260929,PU,小型聯發科期貨,202610,1,230,7928,230,10379,13183
20260929,PU,小型聯發科期貨,999912,0,1236,9128,1806,11632,14621
20260929,PU,小型聯發科期貨,999912,1,230,9128,230,11632,14621
20260929,PV,緯穎期貨,202610,0,741,722,1045,1060,1734
20260929,PV,緯穎期貨,202610,1,523,722,738,1060,1734
20260929,PV,緯穎期貨,999912,0,806,776,1215,1172,1752
20260929,PV,緯穎期貨,999912,1,588,659,939,1055,1752
20260929,PW,小型緯穎期貨,202610,0,5969,8475,7137,10650,13802
20260929,PW,小型緯穎期貨,202610,1,5489,7357,5489,9112,13802
20260929,PW,小型緯穎期貨,999912,0,6062,9083,7346,11378,14516
20260929,PW,小型緯穎期貨,999912,1,5582,7717,5582,9592,14516
20260929,PX,鈊象期貨,202610,0,62,122,84,124,124
20260929,PX,鈊象期貨,202610,1,20,120,29,121,124
20260929,PX,鈊象期貨,999912,0,64,126,87,129,129
20260929,PX,鈊象期貨,999912,1,15,124,25,126,129
20260929,PY,小型鈊象期貨,202610,0,571,1180,762,1571,1617
20260929,PY,小型鈊象期貨,202610,1,449,1180,449,1391,1617
20260929,PY,小型鈊象期貨,999912,0,573,1234,764,1625,1676
20260929,PY,小型鈊象期貨,999912,1,451,1234,451,1445,1676
20260929,PZ,信驊期貨,202610,0,3,3,3,3,3
20260929,PZ,信驊期貨,202610,1,1,3,1,3,3
20260929,PZ,信驊期貨,999912,0,5,5,5,5,5
20260929,PZ,信驊期貨,999912,1,1,5,1,5,5
20260929,QA,小型信驊期貨,202610,0,133,278,210,377,446
20260929,QA,小型信驊期貨,202610,1,0,278,0,377,446
20260929,QA,小型信驊期貨,999912,0,135,296,220,395,477
20260929,QA,小型信驊期貨,999912,1,0,296,0,395,477
20260929,QB,富采期貨,202610,0,261,985,425,1035,1079
20260929,QB,富采期貨,202610,1,75,985,145,1025,1079
20260929,QB,富采期貨,999912,0,295,1110,477,1169,1223
20260929,QB,富采期貨,999912,1,154,1110,197,1159,1223
20260929,QC,裕民期貨,202610,0,283,676,412,791,862
20260929,QC,裕民期貨,202610,1,120,676,120,791,862
20260929,QC,裕民期貨,999912,0,283,676,412,791,879
20260929,QC,裕民期貨,999912,1,120,676,120,791,879
20260929,QD,台勝科期貨,202610,0,704,1314,868,1414,1457
20260929,QD,台勝科期貨,202610,1,546,1314,575,1344,1457
20260929,QD,台勝科期貨,999912,0,704,1341,890,1449,1499
20260929,QD,台勝科期貨,999912,1,546,1341,575,1379,1499
20260929,QE,小型國巨期貨,202610,0,4041,19172,4702,20623,21894
20260929,QE,小型國巨期貨,202610,1,3558,19172,3558,20623,21894
20260929,QE,小型國巨期貨,999912,0,4074,20268,4735,21805,23376
20260929,QE,小型國巨期貨,999912,1,3591,20268,3591,21805,23376
20260929,QF,小型台積電期貨,202610,0,4455,42342,6016,46903,52916
20260929,QF,小型台積電期貨,202610,1,3375,36964,3655,40685,52916
20260929,QF,小型台積電期貨,999912,0,6440,66113,8734,71545,82076
20260929,QF,小型台積電期貨,999912,1,2973,60355,3375,63935,82076
20260929,QG,小型瑞昱期貨,202610,0,4459,5041,4668,5703,5948
20260929,QG,小型瑞昱期貨,202610,1,4459,3979,4512,4342,5948
20260929,QG,小型瑞昱期貨,999912,0,4544,5205,4778,5867,6161
20260929,QG,小型瑞昱期貨,999912,1,4544,3992,4654,4355,6161
20260929,QH,小型聯詠期貨,202610,0,1176,1805,1333,2265,2394
20260929,QH,小型聯詠期貨,202610,1,1111,1013,1139,1332,2394
20260929,QH,小型聯詠期貨,999912,0,1293,1994,1514,2602,2750
20260929,QH,小型聯詠期貨,999912,1,1050,1202,1201,1669,2750
20260929,QI,小型穩懋期貨,202610,0,5201,10220,5830,10804,11278
20260929,QI,小型穩懋期貨,202610,1,4294,8500,4532,8900,11278
20260929,QI,小型穩懋期貨,999912,0,5597,10854,6226,11438,11957
20260929,QI,小型穩懋期貨,999912,1,4690,9134,4928,9534,11957
20260929,QJ,小型玉晶光期貨,202610,0,2583,3404,2809,4428,5221
20260929,QJ,小型玉晶光期貨,202610,1,1335,2760,1395,3467,5221
20260929,QJ,小型玉晶光期貨,999912,0,2611,3564,2837,4593,5412
20260929,QJ,小型玉晶光期貨,999912,1,1363,2920,1423,3632,5412
20260929,QK,永豐餘期貨,202610,0,58,56,61,61,61
20260929,QK,永豐餘期貨,202610,1,15,56,15,60,61
20260929,QK,永豐餘期貨,999912,0,58,57,62,62,62
20260929,QK,永豐餘期貨,999912,1,15,57,15,61,62
20260929,QL,精材期貨,202610,0,2280,2902,2606,3720,4515
20260929,QL,精材期貨,202610,1,0,2902,65,3720,4515
20260929,QL,精材期貨,999912,0,2408,3040,2734,3861,4705
20260929,QL,精材期貨,999912,1,0,3040,65,3861,4705
20260929,QM,小型上銀期貨,202610,0,935,1313,1057,1775,1881
20260929,QM,小型上銀期貨,202610,1,871,1313,871,1775,1881
20260929,QM,小型上銀期貨,999912,0,935,1318,1057,1797,1943
20260929,QM,小型上銀期貨,999912,1,871,1318,871,1797,1943
20260929,QN,小型群聯期貨,202610,0,3721,10162,4754,11748,12755
20260929,QN,小型群聯期貨,202610,1,0,10162,0,11613,12755
20260929,QN,小型群聯期貨,999912,0,3722,10667,4755,12387,13501
20260929,QN,小型群聯期貨,999912,1,0,10667,0,12252,13501
20260929,QO,長興期貨,202610,0,566,1316,738,1391,1409
20260929,QO,長興期貨,202610,1,140,1316,254,1391,1409
20260929,QO,長興期貨,999912,0,567,1347,751,1433,1456
20260929,QO,長興期貨,999912,1,140,1347,262,1433,1456
20260929,QP,正隆期貨,202610,0,77,93,98,108,110
20260929,QP,正隆期貨,202610,1,0,93,4,105,110
20260929,QP,正隆期貨,999912,0,77,93,98,108,110
20260929,QP,正隆期貨,999912,1,0,93,4,105,110
20260929,QQ,僑威期貨,202610,0,128,163,151,168,168
20260929,QQ,僑威期貨,202610,1,128,45,137,48,168
20260929,QQ,僑威期貨,999912,0,128,163,151,168,168
20260929,QQ,僑威期貨,999912,1,128,45,137,48,168
20260929,QR,小型華碩期貨,202610,0,684,1393,961,1642,1716
20260929,QR,小型華碩期貨,202610,1,580,1393,640,1557,1716
20260929,QR,小型華碩期貨,999912,0,696,1431,1002,1680,1790
20260929,QR,小型華碩期貨,999912,1,592,1431,652,1595,1790
20260929,QS,小型南電期貨,202610,0,1084,3563,1364,5146,6187
20260929,QS,小型南電期貨,202610,1,265,3563,265,5146,6187
20260929,QS,小型南電期貨,999912,0,1086,3725,1377,5327,6460
20260929,QS,小型南電期貨,999912,1,267,3725,328,5327,6460
20260929,QT,超豐期貨,202610,0,130,310,164,354,355
20260929,QT,超豐期貨,202610,1,107,310,107,352,355
20260929,QT,超豐期貨,999912,0,140,332,179,377,382
20260929,QT,超豐期貨,999912,1,127,332,127,377,382
20260929,QU,南茂期貨,202610,0,1183,1547,1454,2395,3200
20260929,QU,南茂期貨,202610,1,403,1547,403,2395,3200
20260929,QU,南茂期貨,999912,0,1183,1582,1480,2438,3368
20260929,QU,南茂期貨,999912,1,403,1582,475,2438,3368
20260929,QV,光罩期貨,202610,0,267,771,383,810,841
20260929,QV,光罩期貨,202610,1,118,760,186,770,841
20260929,QV,光罩期貨,999912,0,267,789,383,832,871
20260929,QV,光罩期貨,999912,1,118,771,186,787,871
20260929,QW,威盛期貨,202610,0,614,1153,817,1178,1190
20260929,QW,威盛期貨,202610,1,263,1153,410,1175,1190
20260929,QW,威盛期貨,999912,0,650,1216,874,1254,1277
20260929,QW,威盛期貨,999912,1,299,1216,467,1254,1277
20260929,QX,萬海期貨,202610,0,1312,2184,1638,2968,3538
20260929,QX,萬海期貨,202610,1,918,2184,991,2968,3538
20260929,QX,萬海期貨,999912,0,1348,2187,1683,2973,3662
20260929,QX,萬海期貨,999912,1,924,2187,997,2973,3662
20260929,QY,高端疫苗期貨,202610,0,441,473,502,578,606
20260929,QY,高端疫苗期貨,202610,1,60,427,60,448,606
20260929,QY,高端疫苗期貨,999912,0,441,500,518,605,637
20260929,QY,高端疫苗期貨,999912,1,60,454,60,475,637
20260929,QZ,力積電期貨,202610,0,10333,7986,11028,12728,17477
20260929,QZ,力積電期貨,202610,1,5118,7986,5118,12728,17477
20260929,QZ,力積電期貨,999912,0,10497,8240,11395,13341,18265
20260929,QZ,力積電期貨,999912,1,5282,8240,5435,13341,18265
20260929,RA,奇鋐期貨,202610,0,613,572,717,814,1054
20260929,RA,奇鋐期貨,202610,1,461,572,461,814,1054
20260929,RA,奇鋐期貨,999912,0,707,695,895,966,1278
20260929,RA,奇鋐期貨,999912,1,475,695,475,966,1278
20260929,RB,中磊期貨,202610,0,160,315,215,411,456
20260929,RB,中磊期貨,202610,1,0,315,0,411,456
20260929,RB,中磊期貨,999912,0,161,329,218,430,479
20260929,RB,中磊期貨,999912,1,0,329,0,430,479
20260929,RC,漢翔期貨,202610,0,480,1020,621,1125,1155
20260929,RC,漢翔期貨,202610,1,430,980,486,1051,1155
20260929,RC,漢翔期貨,999912,0,480,1100,639,1205,1242
20260929,RC,漢翔期貨,999912,1,430,1060,492,1131,1242
20260929,RD,中天期貨,202610,0,24,34,32,34,34
20260929,RD,中天期貨,202610,1,0,31,0,31,34
20260929,RD,中天期貨,999912,0,24,34,32,35,35
20260929,RD,中天期貨,999912,1,0,32,0,32,35
20260929,RE,新唐期貨,202610,0,826,1927,980,2099,2191
20260929,RE,新唐期貨,202610,1,682,1927,682,2030,2191
20260929,RE,新唐期貨,999912,0,1001,2105,1192,2487,2604
20260929,RE,新唐期貨,999912,1,899,2105,952,2418,2604
20260929,RF,小型嘉澤期貨,202610,0,377,1258,563,1729,2107
20260929,RF,小型嘉澤期貨,202610,1,0,1135,42,1606,2107
20260929,RF,小型嘉澤期貨,999912,0,384,1291,570,1790,2210
20260929,RF,小型嘉澤期貨,999912,1,0,1168,42,1667,2210
20260929,RG,小型健策期貨,202610,0,962,1484,1197,2059,2757
20260929,RG,小型健策期貨,202610,1,179,1484,179,2059,2757
20260929,RG,小型健策期貨,999912,0,962,1526,1236,2102,2913
20260929,RG,小型健策期貨,999912,1,179,1526,258,2102,2913
20260929,RHF,美元兌人民幣期貨,202610,0,27,27,27,27,27
20260929,RHF,美元兌人民幣期貨,202610,1,20,26,20,26,27
20260929,RHF,美元兌人民幣期貨,999912,0,57,57,57,57,57
20260929,RHF,美元兌人民幣期貨,999912,1,20,26,20,26,57
20260929,RI,國泰永續高股息ETF期貨,202610,0,278,451,343,451,451
20260929,RI,國泰永續高股息ETF期貨,202610,1,124,436,132,436,451
20260929,RI,國泰永續高股息ETF期貨,999912,0,279,528,359,544,551
20260929,RI,國泰永續高股息ETF期貨,999912,1,124,489,138,491,551
20260929,RJ,大亞期貨,202610,0,94,124,117,159,173
20260929,RJ,大亞期貨,202610,1,39,124,39,149,173
20260929,RJ,大亞期貨,999912,0,123,166,150,201,215
20260929,RJ,大亞期貨,999912,1,39,166,39,191,215
20260929,RK,金像電期貨,202610,0,444,1055,686,1496,1873
20260929,RK,金像電期貨,202610,1,0,1055,52,1496,1873
20260929,RK,金像電期貨,999912,0,444,1069,686,1528,1943
20260929,RK,金像電期貨,999912,1,0,1069,52,1528,1943
20260929,RL,元晶期貨,202612,0,186,510,250,526,530
20260929,RL,元晶期貨,202612,1,63,331,63,332,530
20260929,RL,元晶期貨,999912,0,186,510,250,526,530
20260929,RL,元晶期貨,999912,1,63,331,63,332,530
20260929,RN,合一期貨,202610,0,76,126,104,127,127
20260929,RN,合一期貨,202610,1,0,124,0,124,127
20260929,RN,合一期貨,999912,0,95,147,125,152,152
20260929,RN,合一期貨,999912,1,0,147,0,149,152
20260929,RO,立端期貨,202610,0,24,46,34,50,50
20260929,RO,立端期貨,202610,1,13,46,13,49,50
20260929,RO,立端期貨,999912,0,27,50,37,55,55
20260929,RO,立端期貨,999912,1,13,50,13,54,55
20260929,RP,寶雅期貨,202610,0,52,58,61,67,68
20260929,RP,寶雅期貨,202610,1,6,53,7,58,68
20260929,RP,寶雅期貨,999912,0,52,61,62,70,71
20260929,RP,寶雅期貨,999912,1,6,56,7,61,71
20260929,RR,小型寶雅期貨,202610,0,254,326,309,329,329
20260929,RR,小型寶雅期貨,202610,1,215,322,227,325,329
20260929,RR,小型寶雅期貨,999912,0,261,335,316,342,342
20260929,RR,小型寶雅期貨,999912,1,222,322,234,325,342
20260929,RS,小型力旺期貨,202610,0,613,1743,930,2332,2692
20260929,RS,小型力旺期貨,202610,1,124,1509,124,1978,2692
20260929,RS,小型力旺期貨,999912,0,675,1770,992,2410,2800
20260929,RS,小型力旺期貨,999912,1,124,1536,124,2056,2800
20260929,RTF,小型美元兌人民幣期貨,202610,0,30,30,30,30,30
20260929,RTF,小型美元兌人民幣期貨,202610,1,30,0,30,0,30
20260929,RTF,小型美元兌人民幣期貨,999912,0,157,156,157,157,157
20260929,RTF,小型美元兌人民幣期貨,999912,1,30,0,30,0,157
20260929,RU,世紀鋼期貨,202610,0,140,325,190,326,378
20260929,RU,世紀鋼期貨,202610,1,44,322,65,322,378
20260929,RU,世紀鋼期貨,999912,0,148,369,210,378,380
20260929,RU,世紀鋼期貨,999912,1,44,359,55,364,380
20260929,RV,小型台達電期貨,202610,0,3178,11537,3565,13886,16369
20260929,RV,小型台達電期貨,202610,1,2799,11537,2879,13566,16369
20260929,RV,小型台達電期貨,999912,0,3321,12219,3708,15045,17582
20260929,RV,小型台達電期貨,999912,1,2942,12219,3022,14725,17582
20260929,RW,小型創意期貨,202610,0,651,2881,1032,4075,5053
20260929,RW,小型創意期貨,202610,1,231,2881,231,3920,5053
20260929,RW,小型創意期貨,999912,0,870,3286,1283,4540,5599
20260929,RW,小型創意期貨,999912,1,140,3286,231,4385,5599
20260929,RX,富邦越南ETF期貨,202610,0,30,31,31,31,31
20260929,RX,富邦越南ETF期貨,202610,1,3,5,3,5,31
20260929,RX,富邦越南ETF期貨,999912,0,30,32,32,32,32
20260929,RX,富邦越南ETF期貨,999912,1,3,5,3,5,32
20260929,RY,群益台ESG低碳50ETF期貨,202610,0,59,60,60,60,60
20260929,RY,群益台ESG低碳50ETF期貨,202610,1,24,58,25,58,60
20260929,RY,群益台ESG低碳50ETF期貨,999912,0,132,143,142,145,145
20260929,RY,群益台ESG低碳50ETF期貨,999912,1,24,143,26,143,145
20260929,RZ,元大美債20年ETF期貨,202610,0,8915,11890,9665,12119,12179
20260929,RZ,元大美債20年ETF期貨,202610,1,5060,11790,5060,11919,12179
20260929,RZ,元大美債20年ETF期貨,999912,0,9173,14459,9987,14769,14907
20260929,RZ,元大美債20年ETF期貨,999912,1,5060,14148,5060,14277,14907
20260929,SA,美時期貨,202610,0,84,216,129,217,259
20260929,SA,美時期貨,202610,1,29,214,40,214,259
20260929,SA,美時期貨,999912,0,95,281,151,284,284
20260929,SA,美時期貨,999912,1,36,281,59,281,284
20260929,SB,華紙期貨,202610,0,241,243,255,259,259
20260929,SB,華紙期貨,202610,1,0,243,5,258,259
20260929,SB,華紙期貨,999912,0,244,247,258,263,263
20260929,SB,華紙期貨,999912,1,0,247,5,262,263
20260929,SC,小型聚陽期貨,202610,0,293,429,375,473,479
20260929,SC,小型聚陽期貨,202610,1,161,408,190,430,479
20260929,SC,小型聚陽期貨,999912,0,293,434,376,478,484
20260929,SC,小型聚陽期貨,999912,1,161,413,179,435,484
20260929,SD,中興電期貨,202610,0,185,529,275,558,577
20260929,SD,中興電期貨,202610,1,102,529,140,549,577
20260929,SD,中興電期貨,999912,0,185,541,276,578,603
20260929,SD,中興電期貨,999912,1,102,541,141,568,603
20260929,SE,小型智邦期貨,202610,0,1983,4058,2321,4964,6167
20260929,SE,小型智邦期貨,202610,1,1893,3696,1947,4402,6167
20260929,SE,小型智邦期貨,999912,0,2015,4289,2353,5195,6419
20260929,SE,小型智邦期貨,999912,1,1925,3927,1979,4633,6419
20260929,SF,小型台光電期貨,202610,0,1849,3686,2246,5481,7338
20260929,SF,小型台光電期貨,202610,1,966,3686,966,5082,7338
20260929,SF,小型台光電期貨,999912,0,1928,3984,2331,5783,7686
20260929,SF,小型台光電期貨,999912,1,1045,3984,1045,5383,7686
20260929,SG,國泰智能電動車ETF期貨,202610,0,2,2,2,2,2
20260929,SG,國泰智能電動車ETF期貨,202610,1,1,2,1,2,2
20260929,SG,國泰智能電動車ETF期貨,999912,0,3,3,3,3,3
20260929,SG,國泰智能電動車ETF期貨,999912,1,1,3,1,3,3
20260929,SHF,航運期貨,202610,0,33,33,33,33,33
20260929,SHF,航運期貨,202610,1,0,0,0,0,33
20260929,SHF,航運期貨,999912,0,34,34,34,34,34
20260929,SHF,航運期貨,999912,1,1,0,1,0,34
20260929,SI,元大美債1-3ETF期貨,202610,0,3,3,3,3,3
20260929,SI,元大美債1-3ETF期貨,202610,1,2,0,2,0,3
20260929,SI,元大美債1-3ETF期貨,999912,0,19,19,19,19,19
20260929,SI,元大美債1-3ETF期貨,999912,1,2,14,2,14,19
20260929,SJ,神基期貨,202610,0,53,95,80,126,132
20260929,SJ,神基期貨,202610,1,0,95,5,126,132
20260929,SJ,神基期貨,999912,0,60,100,93,146,157
20260929,SJ,神基期貨,999912,1,0,100,0,146,157
20260929,SK,至上期貨,202610,0,268,607,355,695,810
20260929,SK,至上期貨,202610,1,33,607,52,695,810
20260929,SK,至上期貨,999912,0,268,613,355,701,825
20260929,SK,至上期貨,999912,1,33,613,52,701,825
20260929,SL,小型技嘉期貨,202610,0,2562,2955,2797,3647,3736
20260929,SL,小型技嘉期貨,202610,1,2474,1597,2612,2289,3736
20260929,SL,小型技嘉期貨,999912,0,2562,3003,2797,3696,3791
20260929,SL,小型技嘉期貨,999912,1,2474,1645,2612,2338,3791
20260929,SM,群益台灣精選高息ETF期貨,202610,0,249,714,336,725,730
20260929,SM,群益台灣精選高息ETF期貨,202610,1,146,663,146,663,730
20260929,SM,群益台灣精選高息ETF期貨,999912,0,285,884,389,932,955
20260929,SM,群益台灣精選高息ETF期貨,999912,1,146,847,146,847,955
20260929,SN,復華台灣科技優息ETF期貨,202610,0,204,253,231,263,265
20260929,SN,復華台灣科技優息ETF期貨,202610,1,0,243,0,243,265
20260929,SN,復華台灣科技優息ETF期貨,999912,0,297,424,363,441,450
20260929,SN,復華台灣科技優息ETF期貨,999912,1,19,409,19,413,450
20260929,SOF,半導體30期貨,202610,0,32,30,34,34,34
20260929,SOF,半導體30期貨,202610,1,9,0,9,0,34
20260929,SOF,半導體30期貨,999912,0,38,37,44,44,44
20260929,SOF,半導體30期貨,999912,1,9,0,9,0,44
20260929,SPF,美國標普500期貨,202612,0,74,88,82,88,88
20260929,SPF,美國標普500期貨,202612,1,11,24,12,24,88
20260929,SPF,美國標普500期貨,999912,0,74,88,82,88,88
20260929,SPF,美國標普500期貨,999912,1,11,24,12,24,88
20260929,SQ,中信高評級公司債ETF期貨,202610,0,0,0,0,0,0
20260929,SQ,中信高評級公司債ETF期貨,202610,1,0,0,0,0,0
20260929,SQ,中信高評級公司債ETF期貨,999912,0,0,0,0,0,0
20260929,SQ,中信高評級公司債ETF期貨,999912,1,0,0,0,0,0
20260929,SR,小型元大台灣50ETF期貨,202610,0,1467,9803,1948,10652,13478
20260929,SR,小型元大台灣50ETF期貨,202610,1,0,7519,0,8040,13478
20260929,SR,小型元大台灣50ETF期貨,999912,0,1475,11265,1975,12437,16436
20260929,SR,小型元大台灣50ETF期貨,999912,1,0,8540,0,9057,16436
20260929,SS,小型元大高股息ETF期貨,202610,0,81,142,111,165,178
20260929,SS,小型元大高股息ETF期貨,202610,1,14,11,14,24,178
20260929,SS,小型元大高股息ETF期貨,999912,0,91,169,138,206,226
20260929,SS,小型元大高股息ETF期貨,999912,1,0,30,14,49,226
20260929,SU,元大台灣價值高息ETF期貨,202610,0,258,229,264,252,265
20260929,SU,元大台灣價值高息ETF期貨,202610,1,19,193,20,193,265
20260929,SU,元大台灣價值高息ETF期貨,999912,0,286,252,297,279,299
20260929,SU,元大台灣價值高息ETF期貨,999912,1,19,216,20,222,299
20260929,SV,小型川湖期貨,202610,0,437,663,549,867,1002
20260929,SV,小型川湖期貨,202610,1,130,663,167,807,1002
20260929,SV,小型川湖期貨,999912,0,437,669,549,873,1040
20260929,SV,小型川湖期貨,999912,1,130,669,167,813,1040
20260929,SW,小型世紀鋼期貨,202610,0,262,389,342,398,478
20260929,SW,小型世紀鋼期貨,202610,1,235,22,244,27,478
20260929,SW,小型世紀鋼期貨,999912,0,297,468,408,491,495
20260929,SW,小型世紀鋼期貨,999912,1,258,108,258,120,495
20260929,SXF,美國費城半導體期貨,202612,0,155,270,197,295,303
20260929,SXF,美國費城半導體期貨,202612,1,60,222,60,236,303
20260929,SXF,美國費城半導體期貨,999912,0,155,274,204,303,317
20260929,SXF,美國費城半導體期貨,999912,1,60,222,69,241,317
20260929,SY,家登期貨,202610,0,79,123,110,162,181
20260929,SY,家登期貨,202610,1,27,123,33,162,181
20260929,SY,家登期貨,999912,0,79,128,116,167,189
20260929,SY,家登期貨,999912,1,27,128,33,167,189
20260929,SZ,小型家登期貨,202610,0,543,1104,687,1344,1469
20260929,SZ,小型家登期貨,202610,1,380,1024,439,1166,1469
20260929,SZ,小型家登期貨,999912,0,554,1215,699,1456,1598
20260929,SZ,小型家登期貨,999912,1,428,1135,450,1277,1598
20260929,TE,電子期貨,202610,0,217,321,304,383,466
20260929,TE,電子期貨,202610,1,142,304,207,366,466
20260929,TE,電子期貨,999912,0,217,321,304,383,474
20260929,TE,電子期貨,999912,1,142,304,207,366,474
20260929,TF,金融期貨,202610,0,215,324,279,364,467
20260929,TF,金融期貨,202610,1,64,324,117,324,467
20260929,TF,金融期貨,999912,0,215,324,279,364,467
20260929,TF,金融期貨,999912,1,64,324,117,324,467
20260929,TGF,臺幣黃金期貨,202610,0,1009,1888,1303,1897,1897
20260929,TGF,臺幣黃金期貨,202610,1,0,1234,0,1234,1897
20260929,TGF,臺幣黃金期貨,999912,0,1053,2118,1378,2158,2162
20260929,TGF,臺幣黃金期貨,999912,1,0,1263,0,1263,2162
20260929,TJF,東證期貨,202610,0,125,141,136,142,142
20260929,TJF,東證期貨,202610,1,0,33,0,33,142
20260929,TJF,東證期貨,999912,0,156,181,168,184,184
20260929,TJF,東證期貨,999912,1,16,33,16,33,184
20260929,TX,臺股期貨(TX+MTX/4),202610,0,71086,51971,77082,72340,108909
20260929,TX,臺股期貨(TX+MTX/4),666666,0,7,9,9,11,11
20260929,TX,臺股期貨(TX+MTX/4),202610,1,71086,51971,77082,72340,108909
20260929,TX,臺股期貨(TX+MTX/4),666666,1,0,0,0,0,11
20260929,TX,臺股期貨(TX+MTX/4),999912,0,71087,53145,77083,74324,112921
20260929,TX,臺股期貨(TX+MTX/4),999912,1,71087,53145,77083,74324,112921
20260929,UA,士電期貨,202610,0,119,312,163,313,313
20260929,UA,士電期貨,202610,1,91,312,91,313,313
20260929,UA,士電期貨,999912,0,119,320,163,324,324
20260929,UA,士電期貨,999912,1,91,320,91,322,324
20260929,UB,亞翔期貨,202610,0,198,413,275,484,491
20260929,UB,亞翔期貨,202610,1,25,413,42,484,491
20260929,UB,亞翔期貨,999912,0,343,675,479,746,753
20260929,UB,亞翔期貨,999912,1,0,675,46,746,753
20260929,UC,廣明期貨,202610,0,42,57,51,59,59
20260929,UC,廣明期貨,202610,1,0,48,3,50,59
20260929,UC,廣明期貨,999912,0,42,59,52,62,62
20260929,UC,廣明期貨,999912,1,0,50,3,52,62
20260929,UDF,美國道瓊期貨,202612,0,105,220,154,234,241
20260929,UDF,美國道瓊期貨,202612,1,0,185,12,190,241
20260929,UDF,美國道瓊期貨,999912,0,124,234,175,254,266
20260929,UDF,美國道瓊期貨,999912,1,33,185,33,190,266
20260929,UE,上海商銀期貨,202610,0,20,19,21,21,21
20260929,UE,上海商銀期貨,202610,1,2,19,2,21,21
20260929,UE,上海商銀期貨,999912,0,20,19,21,21,21
20260929,UE,上海商銀期貨,999912,1,2,19,2,21,21
20260929,UF,台塑化期貨,202610,0,1347,1818,1871,2209,2428
20260929,UF,台塑化期貨,202610,1,323,1818,355,2170,2428
20260929,UF,台塑化期貨,999912,0,1347,1827,1871,2218,2455
20260929,UF,台塑化期貨,999912,1,323,1827,355,2179,2455
20260929,UG,達發期貨,202610,0,207,181,242,236,262
20260929,UG,達發期貨,202610,1,0,181,0,220,262
20260929,UG,達發期貨,999912,0,207,181,242,236,262
20260929,UG,達發期貨,999912,1,0,181,0,220,262
20260929,UH,小型奇鋐期貨,202610,0,1222,2175,1427,3726,4416
20260929,UH,小型奇鋐期貨,202610,1,902,2175,902,3726,4416
20260929,UH,小型奇鋐期貨,999912,0,1256,2252,1461,3821,4562
20260929,UH,小型奇鋐期貨,999912,1,908,2252,908,3821,4562
20260929,UI,小型達發期貨,202610,0,539,1013,708,1107,1213
20260929,UI,小型達發期貨,202610,1,0,1013,41,1075,1213
20260929,UI,小型達發期貨,999912,0,539,1021,708,1115,1231
20260929,UI,小型達發期貨,999912,1,0,1021,41,1083,1231
20260929,UJ,群益ESG投等債20+ETF期貨,202610,0,282,405,345,406,406
20260929,UJ,群益ESG投等債20+ETF期貨,202610,1,169,335,169,335,406
20260929,UJ,群益ESG投等債20+ETF期貨,999912,0,903,1953,1224,1957,1957
20260929,UJ,群益ESG投等債20+ETF期貨,999912,1,179,1778,179,1778,1957
20260929,UK,國泰20年美債ETF期貨,202610,0,6,6,6,6,6
20260929,UK,國泰20年美債ETF期貨,202610,1,1,1,1,1,6
20260929,UK,國泰20年美債ETF期貨,999912,0,204,204,204,204,204
20260929,UK,國泰20年美債ETF期貨,999912,1,1,198,1,198,204
20260929,UL,小型雙鴻期貨,202610,0,1336,4196,1780,4915,5463
20260929,UL,小型雙鴻期貨,202610,1,965,4196,965,4915,5463
20260929,UL,小型雙鴻期貨,999912,0,1496,4412,1941,5135,5709
20260929,UL,小型雙鴻期貨,999912,1,1125,4412,1125,5135,5709
20260929,UM,世芯-KY期貨,202610,0,127,145,147,184,191
20260929,UM,世芯-KY期貨,202610,1,107,145,111,184,191
20260929,UM,世芯-KY期貨,999912,0,146,157,170,208,229
20260929,UM,世芯-KY期貨,999912,1,107,157,107,208,229
20260929,UNF,美國那斯達克100期貨,202612,0,258,421,359,519,615
20260929,UNF,美國那斯達克100期貨,202612,1,0,196,0,218,615
20260929,UNF,美國那斯達克100期貨,999912,0,258,421,359,519,626
20260929,UNF,美國那斯達克100期貨,999912,1,0,196,0,218,626
20260929,UO,小型世芯-KY期貨,202610,0,1580,3980,1956,4891,5413
20260929,UO,小型世芯-KY期貨,202610,1,907,3980,1040,4891,5413
20260929,UO,小型世芯-KY期貨,999912,0,1696,4274,2145,5396,5935
20260929,UO,小型世芯-KY期貨,999912,1,1143,4274,1219,5396,5935
20260929,UP,保瑞期貨,202610,0,459,479,471,479,479
20260929,UP,保瑞期貨,202610,1,9,479,15,479,479
20260929,UP,保瑞期貨,999912,0,461,481,473,481,481
20260929,UP,保瑞期貨,999912,1,15,481,17,481,481
20260929,UQ,小型保瑞期貨,202610,0,117,348,182,387,389
20260929,UQ,小型保瑞期貨,202610,1,31,328,43,355,389
20260929,UQ,小型保瑞期貨,999912,0,182,441,251,485,491
20260929,UQ,小型保瑞期貨,999912,1,31,421,43,446,491
20260929,UR,統一FANG+ETF期貨,202610,0,0,0,0,0,0
20260929,UR,統一FANG+ETF期貨,202610,1,0,0,0,0,0
20260929,UR,統一FANG+ETF期貨,999912,0,3,3,3,3,3
20260929,UR,統一FANG+ETF期貨,999912,1,0,3,0,3,3
20260929,US,小型統一FANG+ETF期貨,202610,0,5,5,5,5,5
20260929,US,小型統一FANG+ETF期貨,202610,1,2,5,2,5,5
20260929,US,小型統一FANG+ETF期貨,999912,0,13,13,13,13,13
20260929,US,小型統一FANG+ETF期貨,999912,1,6,9,6,9,13
20260929,UT,一詮期貨,202610,0,213,502,303,608,631
20260929,UT,一詮期貨,202610,1,45,502,45,608,631
20260929,UT,一詮期貨,999912,0,238,567,357,697,730
20260929,UT,一詮期貨,999912,1,45,567,64,697,730
20260929,UU,台灣虎航期貨,202610,0,23,21,23,23,23
20260929,UU,台灣虎航期貨,202610,1,18,18,18,18,23
20260929,UU,台灣虎航期貨,999912,0,23,21,23,23,23
20260929,UU,台灣虎航期貨,999912,1,18,18,18,18,23
20260929,UV,旺矽期貨,202610,0,19,26,29,35,38
20260929,UV,旺矽期貨,202610,1,0,26,4,35,38
20260929,UV,旺矽期貨,999912,0,21,27,31,38,43
20260929,UV,旺矽期貨,999912,1,4,27,4,38,43
20260929,UW,小型旺矽期貨,202610,0,1860,2250,2062,3093,3525
20260929,UW,小型旺矽期貨,202610,1,112,2250,152,2930,3525
20260929,UW,小型旺矽期貨,999912,0,1941,2361,2176,3346,3803
20260929,UW,小型旺矽期貨,999912,1,250,2361,290,3183,3803
20260929,UX,華泰期貨,202610,0,244,415,310,450,454
20260929,UX,華泰期貨,202610,1,150,415,165,433,454
20260929,UX,華泰期貨,999912,0,250,436,317,471,475
20260929,UX,華泰期貨,999912,1,150,436,165,454,475
20260929,UY,良維期貨,202610,0,832,1685,1072,1686,1686
20260929,UY,良維期貨,202610,1,100,1685,240,1685,1686
20260929,UY,良維期貨,999912,0,832,1714,1072,1720,1720
20260929,UY,良維期貨,999912,1,100,1705,240,1710,1720
20260929,UZ,小型漢唐期貨,202610,0,352,1324,547,1739,1918
20260929,UZ,小型漢唐期貨,202610,1,250,1324,250,1739,1918
20260929,UZ,小型漢唐期貨,999912,0,354,1341,556,1780,2040
20260929,UZ,小型漢唐期貨,999912,1,250,1341,250,1780,2040
20260929,VA,華榮期貨,202610,0,50,46,53,53,53
20260929,VA,華榮期貨,202610,1,4,46,5,52,53
20260929,VA,華榮期貨,999912,0,50,46,53,53,53
20260929,VA,華榮期貨,999912,1,4,46,5,52,53
20260929,VB,燿華期貨,202610,0,1060,1470,1233,1482,1489
20260929,VB,燿華期貨,202610,1,1060,1456,1180,1456,1489
20260929,VB,燿華期貨,999912,0,1060,1489,1236,1505,1516
20260929,VB,燿華期貨,999912,1,1060,1479,1183,1479,1516
20260929,VC,建準期貨,202610,0,48,132,68,160,163
20260929,VC,建準期貨,202610,1,18,132,18,160,163
20260929,VC,建準期貨,999912,0,48,133,68,161,165
20260929,VC,建準期貨,999912,1,18,133,18,161,165
20260929,VD,小型致茂期貨,202610,0,408,2037,659,2283,2366
20260929,VD,小型致茂期貨,202610,1,169,2037,209,2183,2366
20260929,VD,小型致茂期貨,999912,0,437,2138,688,2387,2487
20260929,VD,小型致茂期貨,999912,1,174,2138,214,2287,2487
20260929,VE,貿聯-KY期貨,202610,0,115,327,188,377,409
20260929,VE,貿聯-KY期貨,202610,1,18,327,18,370,409
20260929,VE,貿聯-KY期貨,999912,0,153,371,229,422,461
20260929,VE,貿聯-KY期貨,999912,1,35,371,35,415,461
20260929,VF,小型貿聯-KY期貨,202610,0,978,2169,1361,3198,4106
20260929,VF,小型貿聯-KY期貨,202610,1,177,1871,177,2760,4106
20260929,VF,小型貿聯-KY期貨,999912,0,1001,2227,1400,3270,4241
20260929,VF,小型貿聯-KY期貨,999912,1,200,1927,200,2830,4241
20260929,VG,小型金像電期貨,202610,0,1008,4219,1452,6041,7728
20260929,VG,小型金像電期貨,202610,1,213,4219,213,5399,7728
20260929,VG,小型金像電期貨,999912,0,1008,4398,1488,6259,8127
20260929,VG,小型金像電期貨,999912,1,213,4398,213,5617,8127
20260929,VH,富邦科技ETF期貨,202610,0,310,316,316,318,318
20260929,VH,富邦科技ETF期貨,202610,1,300,316,300,316,318
20260929,VH,富邦科技ETF期貨,999912,0,313,327,322,329,329
20260929,VH,富邦科技ETF期貨,999912,1,302,327,303,327,329
20260929,VI,研華期貨,202610,0,64,129,82,135,135
20260929,VI,研華期貨,202610,1,27,129,33,133,135
20260929,VI,研華期貨,999912,0,64,133,82,141,141
20260929,VI,研華期貨,999912,1,27,133,33,139,141
20260929,VJ,小型順達期貨,202610,0,320,1082,417,1236,1259
20260929,VJ,小型順達期貨,202610,1,271,296,309,363,1259
20260929,VJ,小型順達期貨,999912,0,321,1102,418,1258,1285
20260929,VJ,小型順達期貨,999912,1,272,302,310,369,1285
20260929,VK,小型亞翔期貨,202610,0,431,1895,572,2062,2091
20260929,VK,小型亞翔期貨,202610,1,353,1037,377,1124,2091
20260929,VK,小型亞翔期貨,999912,0,431,1927,584,2127,2180
20260929,VK,小型亞翔期貨,999912,1,353,1067,353,1187,2180
20260929,VL,智通期貨,202610,0,815,791,824,818,903
20260929,VL,智通期貨,202610,1,59,791,59,811,903
20260929,VL,智通期貨,999912,0,1169,1099,1182,1165,1190
20260929,VL,智通期貨,999912,1,121,1099,121,1150,1190
20260929,VM,華城期貨,202610,0,16,19,19,19,19
20260929,VM,華城期貨,202610,1,4,19,6,19,19
20260929,VM,華城期貨,999912,0,16,19,19,19,19
20260929,VM,華城期貨,999912,1,4,19,6,19,19
20260929,VN,小型華城期貨,202610,0,148,391,198,411,412
20260929,VN,小型華城期貨,202610,1,101,331,101,331,412
20260929,VN,小型華城期貨,999912,0,150,405,201,425,426
20260929,VN,小型華城期貨,999912,1,101,345,101,345,426
20260929,VO,小型京元電子期貨,202610,0,581,3013,792,3439,3638
20260929,VO,小型京元電子期貨,202610,1,415,2749,455,3014,3638
20260929,VO,小型京元電子期貨,999912,0,586,3222,798,3720,3963
20260929,VO,小型京元電子期貨,999912,1,415,2942,455,3279,3963
20260929,VP,小型日月光投控期貨,202610,0,1411,3800,1749,4706,5259
20260929,VP,小型日月光投控期貨,202610,1,1031,3800,1031,4485,5259
20260929,VP,小型日月光投控期貨,999912,0,1411,3830,1789,4800,5480
20260929,VP,小型日月光投控期貨,999912,1,1031,3830,1031,4579,5480
20260929,VQ,中光電投控期貨,202610,0,119,272,164,276,276
20260929,VQ,中光電投控期貨,202610,1,66,263,66,265,276
20260929,VQ,中光電投控期貨,999912,0,120,272,165,284,285
20260929,VQ,中光電投控期貨,999912,1,67,263,67,271,285
20260929,XAF,澳幣兌美元期貨,202612,0,9,9,9,9,9
20260929,XAF,澳幣兌美元期貨,202612,1,0,8,0,8,9
20260929,XAF,澳幣兌美元期貨,999912,0,49,49,49,49,49
20260929,XAF,澳幣兌美元期貨,999912,1,0,48,0,48,49
20260929,XBF,英鎊兌美元期貨,202612,0,9,9,9,9,9
20260929,XBF,英鎊兌美元期貨,202612,1,0,9,0,9,9
20260929,XBF,英鎊兌美元期貨,999912,0,9,9,9,9,9
20260929,XBF,英鎊兌美元期貨,999912,1,0,9,0,9,9
20260929,XEF,歐元兌美元期貨,202612,0,91,91,91,91,91
20260929,XEF,歐元兌美元期貨,202612,1,88,1,88,1,91
20260929,XEF,歐元兌美元期貨,999912,0,162,162,162,162,162
20260929,XEF,歐元兌美元期貨,999912,1,159,1,159,1,162
20260929,XIF,非金電期貨,202610,0,397,380,427,424,427
20260929,XIF,非金電期貨,202610,1,344,30,348,47,427
20260929,XIF,非金電期貨,999912,0,419,380,449,440,449
20260929,XIF,非金電期貨,999912,1,344,30,348,47,449
20260929,XJF,美元兌日圓期貨,202612,0,322,219,329,277,332
20260929,XJF,美元兌日圓期貨,202612,1,257,0,257,0,332
20260929,XJF,美元兌日圓期貨,999912,0,364,224,371,299,374
20260929,XJF,美元兌日圓期貨,999912,1,257,0,257,18,374
