日期,賣權成交量,買權成交量,買賣權成交量比率%,賣權未平倉量,買權未平倉量,買賣權未平倉量比率%
20261008,130442,149694,87.14,70195,87550,80.18
20261007,299525,316721,94.57,50633,61560,82.25
20261006,174220,161456,107.91,87176,91317,95.47
20261005,169815,166886,101.76,67328,73226,91.95
20261002,298761,335069,89.16,41414,51228,80.84
20261001,151488,166271,91.11,63998,77538,82.54
20260930,342714,345481,99.20,41366,51342,80.57
20260929,291089,322025,90.39,47553,63148,75.30
20260924,125974,104015,121.11,59603,69848,85.33
20260923,342337,357206,95.84,38859,48680,79.83
20260922,244784,241413,101.40,76931,88093,87.33
20260921,156156,124823,125.10,59117,61452,96.20
20260918,329902,332047,99.35,35415,46401,76.32
20260917,204410,190616,107.24,58457,76415,76.50
20260916,375087,352656,106.36,31098,37215,83.56
20260915,172547,162102,106.44,81556,94956,85.89
20260914,150180,140242,107.09,70687,80290,88.04
